paragraph_id,phrase_idx,syllable_idx,global_syllable_idx,syllable,phone_idx,phone,phone_role,viseme_id,start_frame,end_frame,start_time_ms,end_time_ms,duration_weight,raw_viseme_id,source
P002,0,0,0,fang,0,sapi_viseme_18,tts_viseme,1,3,7,120,280,5,18,tts_viseme
P002,0,0,0,fang,1,sapi_viseme_2,tts_viseme,7,7,10,280,400,4,2,tts_viseme
P002,0,1,1,zhen,0,sapi_viseme_20,tts_viseme,4,10,13,400,520,4,20,tts_viseme
P002,0,1,1,zhen,1,sapi_viseme_19,tts_viseme,2,14,14,560,560,1.0,19,tts_viseme
P002,0,1,1,zhen,2,sapi_viseme_15,tts_viseme,5,14,15,560,600,2,15,tts_viseme
P002,0,2,2,ji,0,sapi_viseme_1,tts_viseme,4,15,17,600,680,3,1,tts_viseme
P002,0,2,2,ji,1,sapi_viseme_19,tts_viseme,2,18,20,720,800,3,19,tts_viseme
P002,0,3,3,qi,0,sapi_viseme_16,tts_viseme,2,20,21,800,840,2,16,tts_viseme
P002,0,3,3,qi,1,sapi_viseme_6,tts_viseme,5,20,23,800,920,4,6,tts_viseme
P002,0,3,3,qi,2,sapi_viseme_6,tts_viseme,5,23,24,920,960,2,6,tts_viseme
P002,0,3,3,qi,3,sapi_viseme_6,tts_viseme,5,24,25,960,1000,2,6,tts_viseme
P002,0,4,4,ren,0,sapi_viseme_16,tts_viseme,2,26,27,1040,1080,2,16,tts_viseme
P002,0,4,4,ren,1,sapi_viseme_6,tts_viseme,5,26,29,1040,1160,4,6,tts_viseme
P002,0,5,5,you,0,sapi_viseme_6,tts_viseme,5,30,30,1200,1200,1.0,6,tts_viseme
P002,0,5,5,you,1,sapi_viseme_6,tts_viseme,5,31,32,1240,1280,2,6,tts_viseme
P002,0,5,5,you,2,sapi_viseme_15,tts_viseme,5,33,34,1320,1360,2,15,tts_viseme
P002,0,5,5,you,3,sapi_viseme_1,tts_viseme,4,35,38,1400,1520,4,1,tts_viseme
P002,0,6,6,wang,0,sapi_viseme_19,tts_viseme,2,39,41,1560,1640,3,19,tts_viseme
P002,0,7,7,tong,0,sapi_viseme_6,tts_viseme,5,42,44,1680,1760,3,6,tts_viseme
P002,0,7,7,tong,1,sapi_viseme_8,tts_viseme,6,45,46,1800,1840,2,8,tts_viseme
P002,0,8,8,guo,0,sapi_viseme_7,tts_viseme,3,47,48,1880,1920,2,7,tts_viseme
P002,0,8,8,guo,1,sapi_viseme_7,tts_viseme,3,49,50,1960,2000,2,7,tts_viseme
P002,0,8,8,guo,2,sapi_viseme_2,tts_viseme,7,50,52,2000,2080,3,2,tts_viseme
P002,0,9,9,bi,0,sapi_viseme_20,tts_viseme,4,53,55,2120,2200,3,20,tts_viseme
P002,0,9,9,bi,1,sapi_viseme_19,tts_viseme,2,55,56,2200,2240,2,19,tts_viseme
P002,0,9,9,bi,2,sapi_viseme_7,tts_viseme,3,55,58,2200,2320,4,7,tts_viseme
P002,0,10,10,zhen,0,sapi_viseme_7,tts_viseme,3,59,60,2360,2400,2,7,tts_viseme
P002,0,10,10,zhen,1,sapi_viseme_20,tts_viseme,4,61,63,2440,2520,3,20,tts_viseme
P002,0,11,11,de,0,sapi_viseme_20,tts_viseme,4,64,64,2560,2560,1.0,20,tts_viseme
P002,0,11,11,de,1,sapi_viseme_7,tts_viseme,3,64,65,2560,2600,2,7,tts_viseme
P002,0,11,11,de,2,sapi_viseme_8,tts_viseme,6,66,67,2640,2680,2,8,tts_viseme
P002,0,12,12,mian,0,sapi_viseme_8,tts_viseme,6,68,71,2720,2840,4,8,tts_viseme
P002,0,12,12,mian,1,sapi_viseme_21,tts_viseme,0,72,72,2880,2880,1.0,21,tts_viseme
P002,0,12,12,mian,2,sapi_viseme_6,tts_viseme,5,72,74,2880,2960,3,6,tts_viseme
P002,0,13,13,bu,0,sapi_viseme_6,tts_viseme,5,75,77,3000,3080,3,6,tts_viseme
P002,0,13,13,bu,1,sapi_viseme_6,tts_viseme,5,77,78,3080,3120,2,6,tts_viseme
P002,0,14,14,biao,0,sapi_viseme_19,tts_viseme,2,79,79,3160,3160,1.0,19,tts_viseme
P002,0,14,14,biao,1,sapi_viseme_15,tts_viseme,5,79,80,3160,3200,2,15,tts_viseme
P002,0,14,14,biao,2,sapi_viseme_1,tts_viseme,4,81,82,3240,3280,2,1,tts_viseme
P002,0,15,15,qing,0,sapi_viseme_19,tts_viseme,2,83,85,3320,3400,3,19,tts_viseme
P002,0,15,15,qing,1,sapi_viseme_19,tts_viseme,2,85,86,3400,3440,2,19,tts_viseme
P002,0,15,15,qing,2,sapi_viseme_1,tts_viseme,4,87,88,3480,3520,2,1,tts_viseme
P002,0,16,16,shi,0,sapi_viseme_1,tts_viseme,4,89,91,3560,3640,3,1,tts_viseme
P002,0,16,16,shi,1,sapi_viseme_21,tts_viseme,0,92,92,3680,3680,1.0,21,tts_viseme
P002,0,16,16,shi,2,sapi_viseme_6,tts_viseme,5,92,95,3680,3800,4,6,tts_viseme
P002,0,17,17,xian,0,sapi_viseme_2,tts_viseme,7,95,97,3800,3880,3,2,tts_viseme
P002,0,17,17,xian,1,sapi_viseme_19,tts_viseme,2,98,100,3920,4000,3,19,tts_viseme
P002,0,18,18,zi,0,sapi_viseme_7,tts_viseme,3,101,101,4040,4040,1.0,7,tts_viseme
P002,0,18,18,zi,1,sapi_viseme_21,tts_viseme,0,101,102,4040,4080,2,21,tts_viseme
P002,0,18,18,zi,2,sapi_viseme_7,tts_viseme,3,102,103,4080,4120,2,7,tts_viseme
P002,0,19,19,ran,0,sapi_viseme_7,tts_viseme,3,104,106,4160,4240,3,7,tts_viseme
P002,0,19,19,ran,1,sapi_viseme_21,tts_viseme,0,106,107,4240,4280,2,21,tts_viseme
P002,0,19,19,ran,2,sapi_viseme_6,tts_viseme,5,106,108,4240,4320,3,6,tts_viseme
P002,0,19,19,ran,3,sapi_viseme_2,tts_viseme,7,108,110,4320,4400,3,2,tts_viseme
P002,0,20,20,de,0,sapi_viseme_8,tts_viseme,6,111,113,4440,4520,3,8,tts_viseme
P002,0,20,20,de,1,sapi_viseme_16,tts_viseme,2,113,114,4520,4560,2,16,tts_viseme
P002,0,20,20,de,2,sapi_viseme_6,tts_viseme,5,113,116,4520,4640,4,6,tts_viseme
P002,0,21,21,ren,0,sapi_viseme_1,tts_viseme,4,117,120,4680,4800,4,1,tts_viseme
P002,0,22,22,ji,0,sapi_viseme_20,tts_viseme,4,120,123,4800,4920,4,20,tts_viseme
P002,0,22,22,ji,1,sapi_viseme_15,tts_viseme,5,123,128,4920,5120,6,15,tts_viseme
P002,0,23,23,jiao,0,sapi_viseme_6,tts_viseme,5,128,129,5120,5160,2,6,tts_viseme
P002,0,24,24,hu,0,sapi_viseme_6,tts_viseme,5,130,131,5200,5240,2,6,tts_viseme
P002,0,24,24,hu,1,sapi_viseme_6,tts_viseme,5,132,132,5280,5280,1.0,6,tts_viseme
P002,0,24,24,hu,2,sapi_viseme_16,tts_viseme,2,132,134,5280,5360,3,16,tts_viseme
P002,0,24,24,hu,3,sapi_viseme_2,tts_viseme,7,134,136,5360,5440,3,2,tts_viseme
P002,0,24,24,hu,4,sapi_viseme_19,tts_viseme,2,136,139,5440,5560,4,19,tts_viseme
P002,0,24,24,hu,5,sapi_viseme_15,tts_viseme,5,139,141,5560,5640,3,15,tts_viseme
P002,0,24,24,hu,6,sapi_viseme_6,tts_viseme,5,142,143,5680,5720,2,6,tts_viseme
P002,0,24,24,hu,7,sapi_viseme_6,tts_viseme,5,143,144,5720,5760,2,6,tts_viseme
P002,0,24,24,hu,8,sapi_viseme_15,tts_viseme,5,145,146,5800,5840,2,15,tts_viseme
P002,0,24,24,hu,9,sapi_viseme_2,tts_viseme,7,147,149,5880,5960,3,2,tts_viseme
P002,1,0,25,ran,0,sapi_viseme_19,tts_viseme,2,150,152,6000,6080,3,19,tts_viseme
P002,1,0,25,ran,1,sapi_viseme_19,tts_viseme,2,152,153,6080,6120,2,19,tts_viseme
P002,1,0,25,ran,2,sapi_viseme_1,tts_viseme,4,154,156,6160,6240,3,1,tts_viseme
P002,1,0,25,ran,3,sapi_viseme_1,tts_viseme,4,156,159,6240,6360,4,1,tts_viseme
P002,1,0,25,ran,4,sapi_viseme_15,tts_viseme,5,159,161,6360,6440,3,15,tts_viseme
P002,1,0,25,ran,5,sapi_viseme_1,tts_viseme,4,162,164,6480,6560,3,1,tts_viseme
P002,1,0,25,ran,6,sapi_viseme_19,tts_viseme,2,164,167,6560,6680,4,19,tts_viseme
P002,1,1,26,er,0,sapi_viseme_16,tts_viseme,2,167,168,6680,6720,2,16,tts_viseme
P002,1,1,26,er,1,sapi_viseme_6,tts_viseme,5,167,169,6680,6760,3,6,tts_viseme
P002,1,1,26,er,2,sapi_viseme_6,tts_viseme,5,170,171,6800,6840,2,6,tts_viseme
P002,1,1,26,er,3,sapi_viseme_6,tts_viseme,5,171,172,6840,6880,2,6,tts_viseme
P002,1,1,26,er,4,sapi_viseme_16,tts_viseme,2,173,174,6920,6960,2,16,tts_viseme
P002,1,1,26,er,5,sapi_viseme_6,tts_viseme,5,173,175,6920,7000,3,6,tts_viseme
P002,1,1,26,er,6,sapi_viseme_2,tts_viseme,7,175,177,7000,7080,3,2,tts_viseme
P002,2,0,27,you,0,sapi_viseme_8,tts_viseme,6,177,180,7080,7200,4,8,tts_viseme
P002,2,0,27,you,1,sapi_viseme_12,tts_viseme,4,180,181,7200,7240,2,12,tts_viseme
P002,2,0,27,you,2,sapi_viseme_7,tts_viseme,3,180,184,7200,7360,5,7,tts_viseme
P002,2,0,27,you,3,sapi_viseme_7,tts_viseme,3,184,185,7360,7400,2,7,tts_viseme
P002,2,0,27,you,4,sapi_viseme_7,tts_viseme,3,186,190,7440,7600,5,7,tts_viseme
P002,2,1,28,yu,0,y,initial,5,190,190,7600,7600,1.0,0,tts_viseme_fallback_estimated
P002,2,1,28,yu,1,u,final,3,191,193,7640,7720,3,0,tts_viseme_fallback_estimated
P002,2,2,29,mian,0,m,initial,0,194,195,7760,7800,2,0,tts_viseme_fallback_estimated
P002,2,2,29,mian,1,ian,final,7,196,198,7840,7920,3,0,tts_viseme_fallback_estimated
P002,2,3,30,bu,0,b,initial,0,199,200,7960,8000,2,0,tts_viseme_fallback_estimated
P002,2,3,30,bu,1,u,final,3,201,203,8040,8120,3,0,tts_viseme_fallback_estimated
P002,2,4,31,sheng,0,sh,initial,2,204,205,8160,8200,2,0,tts_viseme_fallback_estimated
P002,2,4,31,sheng,1,eng,final,4,206,208,8240,8320,3,0,tts_viseme_fallback_estimated
P002,2,5,32,wu,0,w,initial,3,209,210,8360,8400,2,0,tts_viseme_fallback_estimated
P002,2,5,32,wu,1,u,final,3,211,213,8440,8520,3,0,tts_viseme_fallback_estimated
P002,2,6,33,li,0,l,initial,2,214,215,8560,8600,2,0,tts_viseme_fallback_estimated
P002,2,6,33,li,1,i,final,5,216,218,8640,8720,3,0,tts_viseme_fallback_estimated
P002,2,7,34,xue,0,x,initial,5,219,219,8760,8760,1.0,0,tts_viseme_fallback_estimated
P002,2,7,34,xue,1,sapi_viseme_15,tts_viseme,5,219,222,8760,8880,4,15,tts_viseme
P002,2,7,34,xue,2,sapi_viseme_2,tts_viseme,7,223,224,8920,8960,2,2,tts_viseme
P002,2,8,35,de,0,sapi_viseme_19,tts_viseme,2,225,227,9000,9080,3,19,tts_viseme
P002,2,8,35,de,1,sapi_viseme_19,tts_viseme,2,227,230,9080,9200,4,19,tts_viseme
P002,2,9,36,fu,0,sapi_viseme_1,tts_viseme,4,230,234,9200,9360,5,1,tts_viseme
P002,2,10,37,za,0,sapi_viseme_1,tts_viseme,4,235,237,9400,9480,3,1,tts_viseme
P002,2,10,37,za,1,a,final,7,238,238,9520,9520,1.0,0,tts_viseme_fallback_estimated
P002,2,11,38,xing,0,x,initial,5,239,240,9560,9600,2,0,tts_viseme_fallback_estimated
P002,2,11,38,xing,1,ing,final,4,241,243,9640,9720,3,0,tts_viseme_fallback_estimated
P002,2,12,39,yi,0,y,initial,5,244,245,9760,9800,2,0,tts_viseme_fallback_estimated
P002,2,12,39,yi,1,i,final,5,246,248,9840,9920,3,0,tts_viseme_fallback_estimated
P002,2,13,40,ji,0,j,initial,5,249,250,9960,10000,2,0,tts_viseme_fallback_estimated
P002,2,13,40,ji,1,i,final,5,251,251,10040,10040,1.0,0,tts_viseme_fallback_estimated
P002,2,13,40,ji,2,sapi_viseme_6,tts_viseme,5,251,254,10040,10160,4,6,tts_viseme
P002,2,14,41,dui,0,sapi_viseme_8,tts_viseme,6,254,256,10160,10240,3,8,tts_viseme
P002,2,14,41,dui,1,sapi_viseme_7,tts_viseme,3,257,258,10280,10320,2,7,tts_viseme
P002,2,15,42,xiang,0,sapi_viseme_7,tts_viseme,3,259,261,10360,10440,3,7,tts_viseme
P002,2,15,42,xiang,1,sapi_viseme_4,tts_viseme,4,262,264,10480,10560,3,4,tts_viseme
P002,2,16,43,ying,0,sapi_viseme_4,tts_viseme,4,265,267,10600,10680,3,4,tts_viseme
P002,2,16,43,ying,1,sapi_viseme_6,tts_viseme,5,267,268,10680,10720,2,6,tts_viseme
P002,2,16,43,ying,2,sapi_viseme_21,tts_viseme,0,267,270,10680,10800,4,21,tts_viseme
P002,2,17,44,shi,0,sapi_viseme_2,tts_viseme,7,271,273,10840,10920,3,2,tts_viseme
P002,2,18,45,yun,0,sapi_viseme_19,tts_viseme,2,273,276,10920,11040,4,19,tts_viseme
P002,2,18,45,yun,1,sapi_viseme_7,tts_viseme,3,276,277,11040,11080,2,7,tts_viseme
P002,2,18,45,yun,2,sapi_viseme_21,tts_viseme,0,276,277,11040,11080,2,21,tts_viseme
P002,2,19,46,dong,0,sapi_viseme_7,tts_viseme,3,278,279,11120,11160,2,7,tts_viseme
P002,2,19,46,dong,1,sapi_viseme_7,tts_viseme,3,279,280,11160,11200,2,7,tts_viseme
P002,2,20,47,he,0,sapi_viseme_15,tts_viseme,5,281,284,11240,11360,4,15,tts_viseme
P002,2,20,47,he,1,sapi_viseme_1,tts_viseme,4,284,286,11360,11440,3,1,tts_viseme
P002,2,21,48,cheng,0,sapi_viseme_20,tts_viseme,4,287,289,11480,11560,3,20,tts_viseme
P002,2,21,48,cheng,1,sapi_viseme_7,tts_viseme,3,289,291,11560,11640,3,7,tts_viseme
P002,2,22,49,de,0,sapi_viseme_7,tts_viseme,3,291,293,11640,11720,3,7,tts_viseme
P002,2,22,49,de,1,sapi_viseme_7,tts_viseme,3,293,296,11720,11840,4,7,tts_viseme
P002,2,23,50,xu,0,sapi_viseme_14,tts_viseme,2,297,297,11880,11880,1.0,14,tts_viseme
P002,2,23,50,xu,1,sapi_viseme_6,tts_viseme,5,297,299,11880,11960,3,6,tts_viseme
P002,2,24,51,qiu,0,sapi_viseme_6,tts_viseme,5,299,301,11960,12040,3,6,tts_viseme
P002,2,24,51,qiu,1,sapi_viseme_6,tts_viseme,5,301,302,12040,12080,2,6,tts_viseme
P002,2,24,51,qiu,2,sapi_viseme_16,tts_viseme,2,302,303,12080,12120,2,16,tts_viseme
P002,2,24,51,qiu,3,sapi_viseme_7,tts_viseme,3,302,305,12080,12200,4,7,tts_viseme
P002,2,24,51,qiu,4,sapi_viseme_4,tts_viseme,4,305,307,12200,12280,3,4,tts_viseme
P002,2,24,51,qiu,5,sapi_viseme_4,tts_viseme,4,307,309,12280,12360,3,4,tts_viseme
P002,3,0,52,sheng,0,sapi_viseme_19,tts_viseme,2,309,310,12360,12400,2,19,tts_viseme
P002,3,0,52,sheng,1,sapi_viseme_1,tts_viseme,4,311,313,12440,12520,3,1,tts_viseme
P002,3,0,52,sheng,2,sapi_viseme_1,tts_viseme,4,313,316,12520,12640,4,1,tts_viseme
P002,3,0,52,sheng,3,sapi_viseme_7,tts_viseme,3,316,317,12640,12680,2,7,tts_viseme
P002,3,0,52,sheng,4,sapi_viseme_18,tts_viseme,1,316,320,12640,12800,5,18,tts_viseme
P002,3,1,53,cheng,0,sapi_viseme_7,tts_viseme,3,320,321,12800,12840,2,7,tts_viseme
P002,3,1,53,cheng,1,sapi_viseme_7,tts_viseme,3,322,324,12880,12960,3,7,tts_viseme
P002,3,1,53,cheng,2,sapi_viseme_15,tts_viseme,5,324,326,12960,13040,3,15,tts_viseme
P002,3,1,53,cheng,3,sapi_viseme_2,tts_viseme,7,326,329,13040,13160,4,2,tts_viseme
P002,3,2,54,bi,0,sapi_viseme_2,tts_viseme,7,329,331,13160,13240,3,2,tts_viseme
P002,3,2,54,bi,1,sapi_viseme_6,tts_viseme,5,331,332,13240,13280,2,6,tts_viseme
P002,3,2,54,bi,2,sapi_viseme_16,tts_viseme,2,331,334,13240,13360,4,16,tts_viseme
P002,3,3,55,zhen,0,sapi_viseme_1,tts_viseme,4,335,337,13400,13480,3,1,tts_viseme
P002,3,3,55,zhen,1,sapi_viseme_20,tts_viseme,4,338,340,13520,13600,3,20,tts_viseme
P002,3,3,55,zhen,2,sapi_viseme_6,tts_viseme,5,341,343,13640,13720,3,6,tts_viseme
P002,3,4,56,qie,0,sapi_viseme_6,tts_viseme,5,343,345,13720,13800,3,6,tts_viseme
P002,3,4,56,qie,1,sapi_viseme_6,tts_viseme,5,345,347,13800,13880,3,6,tts_viseme
P002,3,4,56,qie,2,sapi_viseme_16,tts_viseme,2,347,348,13880,13920,2,16,tts_viseme
P002,3,4,56,qie,3,sapi_viseme_6,tts_viseme,5,347,350,13880,14000,4,6,tts_viseme
P002,3,5,57,yu,0,sapi_viseme_6,tts_viseme,5,350,353,14000,14120,4,6,tts_viseme
P002,3,5,57,yu,1,sapi_viseme_6,tts_viseme,5,353,355,14120,14200,3,6,tts_viseme
P002,3,6,58,yu,0,sapi_viseme_7,tts_viseme,3,356,356,14240,14240,1.0,7,tts_viseme
P002,3,6,58,yu,1,sapi_viseme_19,tts_viseme,2,356,357,14240,14280,2,19,tts_viseme
P002,3,6,58,yu,2,sapi_viseme_4,tts_viseme,4,358,360,14320,14400,3,4,tts_viseme
P002,3,6,58,yu,3,sapi_viseme_6,tts_viseme,5,361,363,14440,14520,3,6,tts_viseme
P002,3,7,59,yin,0,sapi_viseme_16,tts_viseme,2,364,365,14560,14600,2,16,tts_viseme
P002,3,7,59,yin,1,sapi_viseme_6,tts_viseme,5,364,367,14560,14680,4,6,tts_viseme
P002,3,7,59,yin,2,sapi_viseme_2,tts_viseme,7,367,370,14680,14800,4,2,tts_viseme
P002,3,8,60,tong,0,sapi_viseme_20,tts_viseme,4,370,372,14800,14880,3,20,tts_viseme
P002,3,8,60,tong,1,sapi_viseme_6,tts_viseme,5,373,374,14920,14960,2,6,tts_viseme
P002,3,8,60,tong,2,sapi_viseme_1,tts_viseme,4,375,376,15000,15040,2,1,tts_viseme
P002,3,9,61,bu,0,sapi_viseme_20,tts_viseme,4,377,378,15080,15120,2,20,tts_viseme
P002,3,9,61,bu,1,sapi_viseme_15,tts_viseme,5,379,382,15160,15280,4,15,tts_viseme
P002,3,9,61,bu,2,sapi_viseme_6,tts_viseme,5,382,383,15280,15320,2,6,tts_viseme
P002,3,9,61,bu,3,sapi_viseme_6,tts_viseme,5,383,385,15320,15400,3,6,tts_viseme
P002,3,10,62,de,0,sapi_viseme_7,tts_viseme,3,385,387,15400,15480,3,7,tts_viseme
P002,3,10,62,de,1,sapi_viseme_1,tts_viseme,4,388,389,15520,15560,2,1,tts_viseme
P002,3,10,62,de,2,sapi_viseme_19,tts_viseme,2,389,392,15560,15680,4,19,tts_viseme
P002,3,11,63,ji,0,sapi_viseme_7,tts_viseme,3,392,393,15680,15720,2,7,tts_viseme
P002,3,11,63,ji,1,sapi_viseme_19,tts_viseme,2,392,393,15680,15720,2,19,tts_viseme
P002,3,11,63,ji,2,sapi_viseme_7,tts_viseme,3,394,396,15760,15840,3,7,tts_viseme
P002,3,11,63,ji,3,sapi_viseme_20,tts_viseme,4,397,399,15880,15960,3,20,tts_viseme
P002,3,12,64,qi,0,sapi_viseme_12,tts_viseme,4,400,403,16000,16120,4,12,tts_viseme
P002,3,12,64,qi,1,sapi_viseme_1,tts_viseme,4,404,405,16160,16200,2,1,tts_viseme
P002,3,13,65,ren,0,sapi_viseme_1,tts_viseme,4,406,407,16240,16280,2,1,tts_viseme
P002,3,13,65,ren,1,sapi_viseme_19,tts_viseme,2,408,408,16320,16320,1.0,19,tts_viseme
P002,3,13,65,ren,2,sapi_viseme_15,tts_viseme,5,408,410,16320,16400,3,15,tts_viseme
P002,3,13,65,ren,3,sapi_viseme_1,tts_viseme,4,411,413,16440,16520,3,1,tts_viseme
P002,3,14,66,biao,0,sapi_viseme_20,tts_viseme,4,413,415,16520,16600,3,20,tts_viseme
P002,3,14,66,biao,1,sapi_viseme_19,tts_viseme,2,415,416,16600,16640,2,19,tts_viseme
P002,3,14,66,biao,2,sapi_viseme_1,tts_viseme,4,416,417,16640,16680,2,1,tts_viseme
P002,3,14,66,biao,3,sapi_viseme_1,tts_viseme,4,418,419,16720,16760,2,1,tts_viseme
P002,3,14,66,biao,4,sapi_viseme_7,tts_viseme,3,419,420,16760,16800,2,7,tts_viseme
P002,3,14,66,biao,5,sapi_viseme_16,tts_viseme,2,419,423,16760,16920,5,16,tts_viseme
P002,3,15,67,qing,0,sapi_viseme_4,tts_viseme,4,424,424,16960,16960,1.0,4,tts_viseme
P002,3,15,67,qing,1,sapi_viseme_4,tts_viseme,4,425,426,17000,17040,2,4,tts_viseme
P002,3,15,67,qing,2,sapi_viseme_6,tts_viseme,5,427,428,17080,17120,2,6,tts_viseme
P002,3,15,67,qing,3,sapi_viseme_16,tts_viseme,2,427,430,17080,17200,4,16,tts_viseme
P002,3,16,68,mian,0,sapi_viseme_8,tts_viseme,6,431,435,17240,17400,5,8,tts_viseme
P002,3,16,68,mian,1,sapi_viseme_7,tts_viseme,3,435,439,17400,17560,5,7,tts_viseme
P002,3,17,69,lin,0,in,final,2,439,443,17560,17720,5,0,tts_viseme_fallback_estimated
P002,3,18,70,zhe,0,zh,initial,2,444,445,17760,17800,2,0,tts_viseme_fallback_estimated
P002,3,18,70,zhe,1,e,final,4,446,450,17840,18000,5,0,tts_viseme_fallback_estimated
P002,3,19,71,ju,0,j,initial,5,451,452,18040,18080,2,0,tts_viseme_fallback_estimated
P002,3,19,71,ju,1,sapi_viseme_15,tts_viseme,5,453,456,18120,18240,4,15,tts_viseme
P002,3,20,72,da,0,sapi_viseme_1,tts_viseme,4,457,459,18280,18360,3,1,tts_viseme
P002,3,20,72,da,1,sapi_viseme_20,tts_viseme,4,459,461,18360,18440,3,20,tts_viseme
P002,3,20,72,da,2,sapi_viseme_19,tts_viseme,2,462,462,18480,18480,1.0,19,tts_viseme
P002,3,20,72,da,3,sapi_viseme_15,tts_viseme,5,462,464,18480,18560,3,15,tts_viseme
P002,3,21,73,de,0,sapi_viseme_1,tts_viseme,4,465,468,18600,18720,4,1,tts_viseme
P002,3,21,73,de,1,sapi_viseme_20,tts_viseme,4,468,471,18720,18840,4,20,tts_viseme
P002,3,22,74,tiao,0,sapi_viseme_6,tts_viseme,5,472,472,18880,18880,1.0,6,tts_viseme
P002,3,22,74,tiao,1,sapi_viseme_21,tts_viseme,0,472,474,18880,18960,3,21,tts_viseme
P002,3,22,74,tiao,2,sapi_viseme_6,tts_viseme,5,475,476,19000,19040,2,6,tts_viseme
P002,3,22,74,tiao,3,sapi_viseme_6,tts_viseme,5,477,478,19080,19120,2,6,tts_viseme
P002,3,23,75,zhan,0,sapi_viseme_19,tts_viseme,2,478,479,19120,19160,2,19,tts_viseme
P002,3,23,75,zhan,1,sapi_viseme_15,tts_viseme,5,478,480,19120,19200,3,15,tts_viseme
P002,3,23,75,zhan,2,sapi_viseme_1,tts_viseme,4,480,482,19200,19280,3,1,tts_viseme
P002,3,23,75,zhan,3,sapi_viseme_19,tts_viseme,2,482,484,19280,19360,3,19,tts_viseme
P002,3,23,75,zhan,4,sapi_viseme_6,tts_viseme,5,485,486,19400,19440,2,6,tts_viseme
P002,3,23,75,zhan,5,sapi_viseme_16,tts_viseme,2,485,488,19400,19520,4,16,tts_viseme
P002,3,23,75,zhan,6,sapi_viseme_4,tts_viseme,4,489,490,19560,19600,2,4,tts_viseme
P002,4,0,76,ben,0,sapi_viseme_4,tts_viseme,4,491,492,19640,19680,2,4,tts_viseme
P002,4,0,76,ben,1,sapi_viseme_7,tts_viseme,3,493,494,19720,19760,2,7,tts_viseme
P002,4,0,76,ben,2,sapi_viseme_4,tts_viseme,4,495,496,19800,19840,2,4,tts_viseme
P002,4,0,76,ben,3,sapi_viseme_4,tts_viseme,4,496,498,19840,19920,3,4,tts_viseme
P002,4,0,76,ben,4,sapi_viseme_7,tts_viseme,3,498,500,19920,20000,3,7,tts_viseme
P002,4,0,76,ben,5,sapi_viseme_4,tts_viseme,4,501,502,20040,20080,2,4,tts_viseme
P002,4,0,76,ben,6,sapi_viseme_4,tts_viseme,4,502,503,20080,20120,2,4,tts_viseme
P002,4,1,77,wen,0,sapi_viseme_6,tts_viseme,5,504,506,20160,20240,3,6,tts_viseme
P002,4,1,77,wen,1,sapi_viseme_6,tts_viseme,5,506,509,20240,20360,4,6,tts_viseme
P002,4,2,78,ti,0,sapi_viseme_19,tts_viseme,2,510,512,20400,20480,3,19,tts_viseme
P002,4,2,78,ti,1,sapi_viseme_7,tts_viseme,3,513,514,20520,20560,2,7,tts_viseme
P002,4,2,78,ti,2,sapi_viseme_19,tts_viseme,2,513,516,20520,20640,4,19,tts_viseme
P002,4,3,79,chu,0,sapi_viseme_7,tts_viseme,3,517,519,20680,20760,3,7,tts_viseme
P002,4,3,79,chu,1,sapi_viseme_20,tts_viseme,4,519,522,20760,20880,4,20,tts_viseme
P002,4,4,80,le,0,sapi_viseme_21,tts_viseme,0,522,523,20880,20920,2,21,tts_viseme
P002,4,4,80,le,1,sapi_viseme_7,tts_viseme,3,522,523,20880,20920,2,7,tts_viseme
P002,4,4,80,le,2,sapi_viseme_7,tts_viseme,3,524,525,20960,21000,2,7,tts_viseme
P002,4,4,80,le,3,sapi_viseme_7,tts_viseme,3,525,527,21000,21080,3,7,tts_viseme
P002,4,4,80,le,4,sapi_viseme_19,tts_viseme,2,527,528,21080,21120,2,19,tts_viseme
P002,4,5,81,yi,0,sapi_viseme_1,tts_viseme,4,529,531,21160,21240,3,1,tts_viseme
P002,4,5,81,yi,1,sapi_viseme_1,tts_viseme,4,531,534,21240,21360,4,1,tts_viseme
P002,4,5,81,yi,2,sapi_viseme_16,tts_viseme,2,534,535,21360,21400,2,16,tts_viseme
P002,4,5,81,yi,3,sapi_viseme_6,tts_viseme,5,534,537,21360,21480,4,6,tts_viseme
P002,4,6,82,zhong,0,sapi_viseme_6,tts_viseme,5,538,539,21520,21560,2,6,tts_viseme
P002,4,6,82,zhong,1,sapi_viseme_6,tts_viseme,5,539,540,21560,21600,2,6,tts_viseme
P002,4,6,82,zhong,2,sapi_viseme_6,tts_viseme,5,541,542,21640,21680,2,6,tts_viseme
P002,4,6,82,zhong,3,sapi_viseme_16,tts_viseme,2,541,544,21640,21760,4,16,tts_viseme
P002,4,7,83,yi,0,sapi_viseme_6,tts_viseme,5,544,545,21760,21800,2,6,tts_viseme
P002,4,7,83,yi,1,sapi_viseme_6,tts_viseme,5,546,547,21840,21880,2,6,tts_viseme
P002,4,8,84,meng,0,sapi_viseme_15,tts_viseme,5,548,549,21920,21960,2,15,tts_viseme
P002,4,8,84,meng,1,sapi_viseme_1,tts_viseme,4,549,551,21960,22040,3,1,tts_viseme
P002,4,8,84,meng,2,sapi_viseme_19,tts_viseme,2,552,554,22080,22160,3,19,tts_viseme
P002,4,8,84,meng,3,sapi_viseme_21,tts_viseme,0,554,555,22160,22200,2,21,tts_viseme
P002,4,8,84,meng,4,sapi_viseme_6,tts_viseme,5,554,555,22160,22200,2,6,tts_viseme
P002,4,9,85,pi,0,sapi_viseme_2,tts_viseme,7,556,558,22240,22320,3,2,tts_viseme
P002,4,9,85,pi,1,sapi_viseme_8,tts_viseme,6,558,560,22320,22400,3,8,tts_viseme
P002,4,10,86,wei,0,sapi_viseme_16,tts_viseme,2,561,562,22440,22480,2,16,tts_viseme
P002,4,10,86,wei,1,sapi_viseme_6,tts_viseme,5,561,564,22440,22560,4,6,tts_viseme
P002,4,10,86,wei,2,sapi_viseme_1,tts_viseme,4,565,568,22600,22720,4,1,tts_viseme
P002,4,11,87,zhong,0,sapi_viseme_20,tts_viseme,4,568,571,22720,22840,4,20,tts_viseme
P002,4,11,87,zhong,1,sapi_viseme_21,tts_viseme,0,571,572,22840,22880,2,21,tts_viseme
P002,4,11,87,zhong,2,sapi_viseme_6,tts_viseme,5,571,573,22840,22920,3,6,tts_viseme
P002,4,11,87,zhong,3,sapi_viseme_2,tts_viseme,7,574,576,22960,23040,3,2,tts_viseme
P002,4,12,88,xin,0,sapi_viseme_19,tts_viseme,2,576,578,23040,23120,3,19,tts_viseme
P002,4,12,88,xin,1,sapi_viseme_14,tts_viseme,2,579,579,23160,23160,1.0,14,tts_viseme
P002,4,12,88,xin,2,sapi_viseme_6,tts_viseme,5,579,580,23160,23200,2,6,tts_viseme
P002,4,12,88,xin,3,sapi_viseme_6,tts_viseme,5,580,582,23200,23280,3,6,tts_viseme
P002,4,13,89,de,0,sapi_viseme_19,tts_viseme,2,583,585,23320,23400,3,19,tts_viseme
P002,4,13,89,de,1,sapi_viseme_19,tts_viseme,2,585,586,23400,23440,2,19,tts_viseme
P002,4,13,89,de,2,sapi_viseme_15,tts_viseme,5,585,587,23400,23480,3,15,tts_viseme
P002,4,14,90,xin,0,sapi_viseme_1,tts_viseme,4,587,589,23480,23560,3,1,tts_viseme
P002,4,14,90,xin,1,sapi_viseme_1,tts_viseme,4,590,592,23600,23680,3,1,tts_viseme
P002,4,15,91,fang,0,sapi_viseme_16,tts_viseme,2,593,593,23720,23720,1.0,16,tts_viseme
P002,4,15,91,fang,1,sapi_viseme_7,tts_viseme,3,593,595,23720,23800,3,7,tts_viseme
P002,4,15,91,fang,2,sapi_viseme_4,tts_viseme,4,596,597,23840,23880,2,4,tts_viseme
P002,4,15,91,fang,3,sapi_viseme_4,tts_viseme,4,598,599,23920,23960,2,4,tts_viseme
P002,4,15,91,fang,4,sapi_viseme_19,tts_viseme,2,600,600,24000,24000,1.0,19,tts_viseme
P002,4,16,92,fa,0,sapi_viseme_2,tts_viseme,7,601,603,24040,24120,3,2,tts_viseme
P002,4,16,92,fa,1,sapi_viseme_2,tts_viseme,7,604,605,24160,24200,2,2,tts_viseme
P002,4,16,92,fa,2,sapi_viseme_19,tts_viseme,2,606,606,24240,24240,1.0,19,tts_viseme
P002,4,16,92,fa,3,sapi_viseme_1,tts_viseme,4,607,608,24280,24320,2,1,tts_viseme
P002,4,16,92,fa,4,sapi_viseme_1,tts_viseme,4,608,609,24320,24360,2,1,tts_viseme
P002,4,16,92,fa,5,sapi_viseme_19,tts_viseme,2,610,610,24400,24400,1.0,19,tts_viseme
P002,4,16,92,fa,6,sapi_viseme_6,tts_viseme,5,610,612,24400,24480,3,6,tts_viseme
P002,5,0,93,li,0,sapi_viseme_2,tts_viseme,7,613,615,24520,24600,3,2,tts_viseme
P002,5,0,93,li,1,sapi_viseme_8,tts_viseme,6,615,617,24600,24680,3,8,tts_viseme
P002,5,0,93,li,2,sapi_viseme_19,tts_viseme,2,618,618,24720,24720,1.0,19,tts_viseme
P002,5,0,93,li,3,sapi_viseme_15,tts_viseme,5,618,620,24720,24800,3,15,tts_viseme
P002,5,1,94,yong,0,sapi_viseme_2,tts_viseme,7,620,623,24800,24920,4,2,tts_viseme
P002,5,1,94,yong,1,sapi_viseme_19,tts_viseme,2,623,627,24920,25080,5,19,tts_viseme
P002,5,2,95,yu,0,y,initial,5,627,627,25080,25080,1.0,0,tts_viseme_fallback_estimated
P002,5,2,95,yu,1,u,final,3,628,630,25120,25200,3,0,tts_viseme_fallback_estimated
P002,5,3,96,yin,0,y,initial,5,631,632,25240,25280,2,0,tts_viseme_fallback_estimated
P002,5,3,96,yin,1,in,final,5,633,635,25320,25400,3,0,tts_viseme_fallback_estimated
P002,5,4,97,shu,0,sh,initial,2,636,637,25440,25480,2,0,tts_viseme_fallback_estimated
P002,5,4,97,shu,1,u,final,3,638,640,25520,25600,3,0,tts_viseme_fallback_estimated
P002,5,5,98,ru,0,r,initial,2,641,642,25640,25680,2,0,tts_viseme_fallback_estimated
P002,5,5,98,ru,1,u,final,3,643,645,25720,25800,3,0,tts_viseme_fallback_estimated
P002,5,6,99,qu,0,q,initial,5,646,647,25840,25880,2,0,tts_viseme_fallback_estimated
P002,5,6,99,qu,1,u,final,3,648,650,25920,26000,3,0,tts_viseme_fallback_estimated
P002,5,7,100,dong,0,d,initial,2,651,652,26040,26080,2,0,tts_viseme_fallback_estimated
P002,5,7,100,dong,1,ong,final,6,653,653,26120,26120,1.0,0,tts_viseme_fallback_estimated
P002,5,7,100,dong,2,ong,final,6,653,656,26120,26240,4,0,tts_viseme_fallback_estimated
P002,5,8,101,fang,0,sapi_viseme_21,tts_viseme,0,657,659,26280,26360,3,21,tts_viseme
P002,5,8,101,fang,1,sapi_viseme_1,tts_viseme,4,659,661,26360,26440,3,1,tts_viseme
P002,5,8,101,fang,2,sapi_viseme_19,tts_viseme,2,662,664,26480,26560,3,19,tts_viseme
P002,5,9,102,zhen,0,sapi_viseme_7,tts_viseme,3,664,666,26560,26640,3,7,tts_viseme
P002,5,9,102,zhen,1,sapi_viseme_1,tts_viseme,4,666,669,26640,26760,4,1,tts_viseme
P002,5,10,103,ji,0,sapi_viseme_19,tts_viseme,2,670,673,26800,26920,4,19,tts_viseme
P002,5,10,103,ji,1,sapi_viseme_19,tts_viseme,2,673,674,26920,26960,2,19,tts_viseme
P002,5,10,103,ji,2,sapi_viseme_6,tts_viseme,5,673,676,26920,27040,4,6,tts_viseme
P002,5,11,104,qi,0,sapi_viseme_6,tts_viseme,5,677,678,27080,27120,2,6,tts_viseme
P002,5,11,104,qi,1,sapi_viseme_6,tts_viseme,5,678,680,27120,27200,3,6,tts_viseme
P002,5,12,105,ren,0,sapi_viseme_7,tts_viseme,3,680,681,27200,27240,2,7,tts_viseme
P002,5,12,105,ren,1,sapi_viseme_19,tts_viseme,2,680,681,27200,27240,2,19,tts_viseme
P002,5,12,105,ren,2,sapi_viseme_15,tts_viseme,5,680,683,27200,27320,4,15,tts_viseme
P002,5,12,105,ren,3,sapi_viseme_7,tts_viseme,3,683,684,27320,27360,2,7,tts_viseme
P002,5,13,106,de,0,sapi_viseme_7,tts_viseme,3,685,686,27400,27440,2,7,tts_viseme
P002,5,13,106,de,1,sapi_viseme_14,tts_viseme,2,687,688,27480,27520,2,14,tts_viseme
P002,5,13,106,de,2,sapi_viseme_1,tts_viseme,4,688,689,27520,27560,2,1,tts_viseme
P002,5,13,106,de,3,sapi_viseme_1,tts_viseme,4,690,691,27600,27640,2,1,tts_viseme
P002,5,14,107,mian,0,sapi_viseme_6,tts_viseme,5,691,693,27640,27720,3,6,tts_viseme
P002,5,14,107,mian,1,sapi_viseme_6,tts_viseme,5,694,695,27760,27800,2,6,tts_viseme
P002,5,14,107,mian,2,sapi_viseme_6,tts_viseme,5,695,697,27800,27880,3,6,tts_viseme
P002,5,15,108,bu,0,sapi_viseme_19,tts_viseme,2,697,698,27880,27920,2,19,tts_viseme
P002,5,15,108,bu,1,sapi_viseme_15,tts_viseme,5,697,698,27880,27920,2,15,tts_viseme
P002,5,15,108,bu,2,sapi_viseme_7,tts_viseme,3,697,699,27880,27960,3,7,tts_viseme
P002,5,15,108,bu,3,sapi_viseme_7,tts_viseme,3,699,702,27960,28080,4,7,tts_viseme
P002,5,16,109,biao,0,sapi_viseme_20,tts_viseme,4,703,705,28120,28200,3,20,tts_viseme
P002,5,16,109,biao,1,sapi_viseme_6,tts_viseme,5,706,708,28240,28320,3,6,tts_viseme
P002,5,17,110,qing,0,sapi_viseme_6,tts_viseme,5,709,710,28360,28400,2,6,tts_viseme
P002,5,17,110,qing,1,sapi_viseme_6,tts_viseme,5,711,712,28440,28480,2,6,tts_viseme
P002,5,17,110,qing,2,sapi_viseme_21,tts_viseme,0,712,714,28480,28560,3,21,tts_viseme
P002,5,17,110,qing,3,sapi_viseme_1,tts_viseme,4,715,717,28600,28680,3,1,tts_viseme
P002,6,0,111,gai,0,sapi_viseme_20,tts_viseme,4,717,720,28680,28800,4,20,tts_viseme
P002,6,0,111,gai,1,sapi_viseme_21,tts_viseme,0,720,721,28800,28840,2,21,tts_viseme
P002,6,0,111,gai,2,sapi_viseme_6,tts_viseme,5,720,723,28800,28920,4,6,tts_viseme
P002,6,0,111,gai,3,sapi_viseme_6,tts_viseme,5,723,726,28920,29040,4,6,tts_viseme
P002,6,1,112,fang,0,sapi_viseme_6,tts_viseme,5,726,728,29040,29120,3,6,tts_viseme
P002,6,1,112,fang,1,sapi_viseme_7,tts_viseme,3,729,731,29160,29240,3,7,tts_viseme
P002,6,1,112,fang,2,sapi_viseme_4,tts_viseme,4,732,734,29280,29360,3,4,tts_viseme
P002,6,2,113,fa,0,sapi_viseme_6,tts_viseme,5,734,736,29360,29440,3,6,tts_viseme
P002,6,2,113,fa,1,sapi_viseme_7,tts_viseme,3,736,737,29440,29480,2,7,tts_viseme
P002,6,2,113,fa,2,sapi_viseme_19,tts_viseme,2,736,737,29440,29480,2,19,tts_viseme
P002,6,2,113,fa,3,sapi_viseme_15,tts_viseme,5,736,738,29440,29520,3,15,tts_viseme
P002,6,2,113,fa,4,sapi_viseme_7,tts_viseme,3,739,740,29560,29600,2,7,tts_viseme
P002,6,3,114,de,0,sapi_viseme_20,tts_viseme,4,741,743,29640,29720,3,20,tts_viseme
P002,6,3,114,de,1,sapi_viseme_6,tts_viseme,5,743,744,29720,29760,2,6,tts_viseme
P002,6,3,114,de,2,sapi_viseme_16,tts_viseme,2,743,746,29720,29840,4,16,tts_viseme
P002,6,4,115,he,0,sapi_viseme_6,tts_viseme,5,747,748,29880,29920,2,6,tts_viseme
P002,6,4,115,he,1,sapi_viseme_19,tts_viseme,2,749,751,29960,30040,3,19,tts_viseme
P002,6,4,115,he,2,sapi_viseme_19,tts_viseme,2,751,752,30040,30080,2,19,tts_viseme
P002,6,5,116,xin,0,sapi_viseme_1,tts_viseme,4,753,755,30120,30200,3,1,tts_viseme
P002,6,5,116,xin,1,sapi_viseme_1,tts_viseme,4,755,757,30200,30280,3,1,tts_viseme
P002,6,5,116,xin,2,sapi_viseme_16,tts_viseme,2,758,759,30320,30360,2,16,tts_viseme
P002,6,5,116,xin,3,sapi_viseme_6,tts_viseme,5,758,762,30320,30480,5,6,tts_viseme
P002,6,6,117,shi,0,sapi_viseme_6,tts_viseme,5,762,764,30480,30560,3,6,tts_viseme
P002,6,6,117,shi,1,sapi_viseme_19,tts_viseme,2,764,767,30560,30680,4,19,tts_viseme
P002,6,7,118,cai,0,sapi_viseme_18,tts_viseme,1,767,768,30680,30720,2,18,tts_viseme
P002,6,7,118,cai,1,sapi_viseme_2,tts_viseme,7,769,771,30760,30840,3,2,tts_viseme
P002,6,8,119,yong,0,sapi_viseme_20,tts_viseme,4,772,774,30880,30960,3,20,tts_viseme
P002,6,8,119,yong,1,sapi_viseme_18,tts_viseme,1,774,776,30960,31040,3,18,tts_viseme
P002,6,8,119,yong,2,sapi_viseme_2,tts_viseme,7,777,779,31080,31160,3,2,tts_viseme
P002,6,9,120,xian,0,sapi_viseme_2,tts_viseme,7,780,783,31200,31320,4,2,tts_viseme
P002,6,9,120,xian,1,ian,final,7,784,784,31360,31360,1.0,0,tts_viseme_fallback_estimated
P002,6,10,121,xing,0,x,initial,5,785,786,31400,31440,2,0,tts_viseme_fallback_estimated
P002,6,10,121,xing,1,ing,final,4,787,790,31480,31600,4,0,tts_viseme_fallback_estimated
P002,6,11,122,hun,0,h,initial,4,791,792,31640,31680,2,0,tts_viseme_fallback_estimated
P002,6,11,122,hun,1,un,final,3,793,796,31720,31840,4,0,tts_viseme_fallback_estimated
P002,6,12,123,he,0,h,initial,4,797,797,31880,31880,1.0,0,tts_viseme_fallback_estimated
P002,6,12,123,he,1,sapi_viseme_14,tts_viseme,2,798,798,31920,31920,1.0,14,tts_viseme
P002,6,12,123,he,2,sapi_viseme_6,tts_viseme,5,798,800,31920,32000,3,6,tts_viseme
P002,6,12,123,he,3,sapi_viseme_6,tts_viseme,5,801,802,32040,32080,2,6,tts_viseme
P002,6,13,124,meng,0,sapi_viseme_6,tts_viseme,5,803,804,32120,32160,2,6,tts_viseme
P002,6,13,124,meng,1,sapi_viseme_6,tts_viseme,5,805,806,32200,32240,2,6,tts_viseme
P002,6,13,124,meng,2,sapi_viseme_7,tts_viseme,3,806,808,32240,32320,3,7,tts_viseme
P002,6,13,124,meng,3,sapi_viseme_20,tts_viseme,4,808,810,32320,32400,3,20,tts_viseme
P002,6,14,125,pi,0,sapi_viseme_7,tts_viseme,3,810,812,32400,32480,3,7,tts_viseme
P002,6,14,125,pi,1,sapi_viseme_4,tts_viseme,4,813,814,32520,32560,2,4,tts_viseme
P002,6,14,125,pi,2,sapi_viseme_4,tts_viseme,4,814,815,32560,32600,2,4,tts_viseme
P002,6,15,126,zuo,0,sapi_viseme_6,tts_viseme,5,816,818,32640,32720,3,6,tts_viseme
P002,6,15,126,zuo,1,sapi_viseme_6,tts_viseme,5,819,821,32760,32840,3,6,tts_viseme
P002,6,16,127,wei,0,sapi_viseme_19,tts_viseme,2,822,824,32880,32960,3,19,tts_viseme
P002,6,16,127,wei,1,sapi_viseme_15,tts_viseme,5,825,826,33000,33040,2,15,tts_viseme
P002,6,16,127,wei,2,sapi_viseme_7,tts_viseme,3,825,829,33000,33160,5,7,tts_viseme
P002,6,17,128,tong,0,sapi_viseme_7,tts_viseme,3,829,831,33160,33240,3,7,tts_viseme
P002,6,17,128,tong,1,sapi_viseme_7,tts_viseme,3,831,833,33240,33320,3,7,tts_viseme
P002,6,17,128,tong,2,sapi_viseme_15,tts_viseme,5,833,834,33320,33360,2,15,tts_viseme
P002,6,17,128,tong,3,sapi_viseme_7,tts_viseme,3,833,835,33320,33400,3,7,tts_viseme
P002,6,18,129,yi,0,sapi_viseme_7,tts_viseme,3,836,838,33440,33520,3,7,tts_viseme
P002,6,18,129,yi,1,sapi_viseme_7,tts_viseme,3,838,841,33520,33640,4,7,tts_viseme
P002,6,19,130,de,0,sapi_viseme_16,tts_viseme,2,841,843,33640,33720,3,16,tts_viseme
P002,6,19,130,de,1,sapi_viseme_7,tts_viseme,3,841,845,33640,33800,5,7,tts_viseme
P002,6,19,130,de,2,sapi_viseme_4,tts_viseme,4,846,847,33840,33880,2,4,tts_viseme
P002,6,20,131,biao,0,sapi_viseme_4,tts_viseme,4,847,849,33880,33960,3,4,tts_viseme
P002,6,20,131,biao,1,sapi_viseme_19,tts_viseme,2,849,850,33960,34000,2,19,tts_viseme
P002,6,20,131,biao,2,sapi_viseme_7,tts_viseme,3,849,851,33960,34040,3,7,tts_viseme
P002,6,20,131,biao,3,sapi_viseme_7,tts_viseme,3,851,853,34040,34120,3,7,tts_viseme
P002,6,21,132,shi,0,sapi_viseme_20,tts_viseme,4,854,856,34160,34240,3,20,tts_viseme
P002,6,21,132,shi,1,sapi_viseme_18,tts_viseme,1,856,858,34240,34320,3,18,tts_viseme
P002,6,22,133,fang,0,sapi_viseme_2,tts_viseme,7,859,861,34360,34440,3,2,tts_viseme
P002,6,22,133,fang,1,sapi_viseme_20,tts_viseme,4,862,864,34480,34560,3,20,tts_viseme
P002,6,22,133,fang,2,sapi_viseme_19,tts_viseme,2,865,865,34600,34600,1.0,19,tts_viseme
P002,6,22,133,fang,3,sapi_viseme_15,tts_viseme,5,865,866,34600,34640,2,15,tts_viseme
P002,6,22,133,fang,4,sapi_viseme_1,tts_viseme,4,866,869,34640,34760,4,1,tts_viseme
P002,6,23,134,fa,0,sapi_viseme_19,tts_viseme,2,870,872,34800,34880,3,19,tts_viseme
P002,6,23,134,fa,1,sapi_viseme_16,tts_viseme,2,873,874,34920,34960,2,16,tts_viseme
P002,6,23,134,fa,2,sapi_viseme_6,tts_viseme,5,873,876,34920,35040,4,6,tts_viseme
P002,6,23,134,fa,3,sapi_viseme_6,tts_viseme,5,876,877,35040,35080,2,6,tts_viseme
P002,6,23,134,fa,4,sapi_viseme_6,tts_viseme,5,878,879,35120,35160,2,6,tts_viseme
P002,6,23,134,fa,5,sapi_viseme_16,tts_viseme,2,879,880,35160,35200,2,16,tts_viseme
P002,6,23,134,fa,6,sapi_viseme_6,tts_viseme,5,879,882,35160,35280,4,6,tts_viseme
P002,7,0,135,cong,0,sapi_viseme_6,tts_viseme,5,883,884,35320,35360,2,6,tts_viseme
P002,7,0,135,cong,1,sapi_viseme_6,tts_viseme,5,884,886,35360,35440,3,6,tts_viseme
P002,7,0,135,cong,2,sapi_viseme_15,tts_viseme,5,886,887,35440,35480,2,15,tts_viseme
P002,7,0,135,cong,3,sapi_viseme_1,tts_viseme,4,888,890,35520,35600,3,1,tts_viseme
P002,7,0,135,cong,4,sapi_viseme_19,tts_viseme,2,890,892,35600,35680,3,19,tts_viseme
P002,7,0,135,cong,5,sapi_viseme_19,tts_viseme,2,892,893,35680,35720,2,19,tts_viseme
P002,7,1,136,er,0,sapi_viseme_1,tts_viseme,4,894,896,35760,35840,3,1,tts_viseme
P002,7,2,137,zhi,0,sapi_viseme_1,tts_viseme,4,896,898,35840,35920,3,1,tts_viseme
P002,7,2,137,zhi,1,sapi_viseme_21,tts_viseme,0,899,900,35960,36000,2,21,tts_viseme
P002,7,2,137,zhi,2,sapi_viseme_6,tts_viseme,5,899,902,35960,36080,4,6,tts_viseme
P002,7,3,138,dao,0,sapi_viseme_2,tts_viseme,7,903,905,36120,36200,3,2,tts_viseme
P002,7,3,138,dao,1,sapi_viseme_19,tts_viseme,2,905,908,36200,36320,4,19,tts_viseme
P002,7,4,139,shi,0,sapi_viseme_21,tts_viseme,0,908,909,36320,36360,2,21,tts_viseme
P002,7,4,139,shi,1,sapi_viseme_7,tts_viseme,3,908,909,36320,36360,2,7,tts_viseme
P002,7,4,139,shi,2,sapi_viseme_7,tts_viseme,3,910,911,36400,36440,2,7,tts_viseme
P002,7,5,140,ti,0,sapi_viseme_7,tts_viseme,3,911,913,36440,36520,3,7,tts_viseme
P002,7,5,140,ti,1,sapi_viseme_21,tts_viseme,0,913,914,36520,36560,2,21,tts_viseme
P002,7,5,140,ti,2,sapi_viseme_6,tts_viseme,5,913,915,36520,36600,3,6,tts_viseme
P002,7,6,141,she,0,sapi_viseme_2,tts_viseme,7,916,918,36640,36720,3,2,tts_viseme
P002,7,6,141,she,1,sapi_viseme_8,tts_viseme,6,918,920,36720,36800,3,8,tts_viseme
P002,7,7,142,ji,0,sapi_viseme_16,tts_viseme,2,921,922,36840,36880,2,16,tts_viseme
P002,7,7,142,ji,1,sapi_viseme_6,tts_viseme,5,921,924,36840,36960,4,6,tts_viseme
P002,7,7,142,ji,2,sapi_viseme_1,tts_viseme,4,925,929,37000,37160,5,1,tts_viseme
P002,7,8,143,he,0,sapi_viseme_20,tts_viseme,4,929,932,37160,37280,4,20,tts_viseme
P002,7,9,144,yun,0,un,final,3,933,935,37320,37400,3,0,tts_viseme_fallback_estimated
P002,7,10,145,dong,0,d,initial,2,936,937,37440,37480,2,0,tts_viseme_fallback_estimated
P002,7,10,145,dong,1,ong,final,6,938,940,37520,37600,3,0,tts_viseme_fallback_estimated
P002,7,11,146,he,0,h,initial,4,941,942,37640,37680,2,0,tts_viseme_fallback_estimated
P002,7,11,146,he,1,e,final,4,943,945,37720,37800,3,0,tts_viseme_fallback_estimated
P002,7,12,147,cheng,0,ch,initial,2,946,947,37840,37880,2,0,tts_viseme_fallback_estimated
P002,7,12,147,cheng,1,eng,final,4,948,950,37920,38000,3,0,tts_viseme_fallback_estimated
P002,7,13,148,fang,0,f,initial,1,951,952,38040,38080,2,0,tts_viseme_fallback_estimated
P002,7,13,148,fang,1,ang,final,7,953,956,38120,38240,4,0,tts_viseme_fallback_estimated
P002,7,14,149,mian,0,m,initial,0,957,958,38280,38320,2,0,tts_viseme_fallback_estimated
P002,7,14,149,mian,1,ian,final,7,959,962,38360,38480,4,0,tts_viseme_fallback_estimated
P002,7,14,149,mian,2,sapi_viseme_20,tts_viseme,4,962,964,38480,38560,3,20,tts_viseme
P002,7,15,150,de,0,sapi_viseme_2,tts_viseme,7,965,966,38600,38640,2,2,tts_viseme
P002,7,15,150,de,1,sapi_viseme_4,tts_viseme,4,967,968,38680,38720,2,4,tts_viseme
P002,7,16,151,chuang,0,sapi_viseme_18,tts_viseme,1,969,971,38760,38840,3,18,tts_viseme
P002,7,16,151,chuang,1,sapi_viseme_2,tts_viseme,7,972,973,38880,38920,2,2,tts_viseme
P002,7,17,152,xin,0,sapi_viseme_20,tts_viseme,4,974,976,38960,39040,3,20,tts_viseme
P002,7,17,152,xin,1,sapi_viseme_18,tts_viseme,1,977,978,39080,39120,2,18,tts_viseme
P002,7,17,152,xin,2,sapi_viseme_2,tts_viseme,7,979,981,39160,39240,3,2,tts_viseme
P002,7,17,152,xin,3,sapi_viseme_2,tts_viseme,7,981,983,39240,39320,3,2,tts_viseme
P002,7,17,152,xin,4,sapi_viseme_19,tts_viseme,2,983,984,39320,39360,2,19,tts_viseme
P002,7,17,152,xin,5,sapi_viseme_1,tts_viseme,4,985,986,39400,39440,2,1,tts_viseme
P002,7,17,152,xin,6,sapi_viseme_1,tts_viseme,4,986,987,39440,39480,2,1,tts_viseme
P002,7,17,152,xin,7,sapi_viseme_12,tts_viseme,4,987,990,39480,39600,4,12,tts_viseme
P002,7,17,152,xin,8,sapi_viseme_1,tts_viseme,4,991,993,39640,39720,3,1,tts_viseme
P002,8,0,153,neng,0,sapi_viseme_1,tts_viseme,4,993,995,39720,39800,3,1,tts_viseme
P002,8,0,153,neng,1,sapi_viseme_16,tts_viseme,2,995,996,39800,39840,2,16,tts_viseme
P002,8,0,153,neng,2,sapi_viseme_6,tts_viseme,5,995,999,39800,39960,5,6,tts_viseme
P002,8,0,153,neng,3,sapi_viseme_6,tts_viseme,5,999,1003,39960,40120,5,6,tts_viseme
P002,8,0,153,neng,4,sapi_viseme_19,tts_viseme,2,1003,1006,40120,40240,4,19,tts_viseme
P002,8,0,153,neng,5,sapi_viseme_15,tts_viseme,5,1007,1010,40280,40400,4,15,tts_viseme
P002,8,0,153,neng,6,sapi_viseme_6,tts_viseme,5,1011,1012,40440,40480,2,6,tts_viseme
P002,8,0,153,neng,7,sapi_viseme_6,tts_viseme,5,1012,1014,40480,40560,3,6,tts_viseme
P002,8,0,153,neng,8,sapi_viseme_15,tts_viseme,5,1015,1018,40600,40720,4,15,tts_viseme
P002,8,1,154,gou,0,sapi_viseme_2,tts_viseme,7,1018,1020,40720,40800,3,2,tts_viseme
P002,8,1,154,gou,1,sapi_viseme_4,tts_viseme,4,1021,1023,40840,40920,3,4,tts_viseme
P002,8,2,155,zhi,0,sapi_viseme_6,tts_viseme,5,1023,1025,40920,41000,3,6,tts_viseme
P002,8,2,155,zhi,1,sapi_viseme_7,tts_viseme,3,1026,1028,41040,41120,3,7,tts_viseme
P002,8,2,155,zhi,2,sapi_viseme_20,tts_viseme,4,1028,1031,41120,41240,4,20,tts_viseme
P002,8,3,156,dao,0,sapi_viseme_16,tts_viseme,2,1031,1032,41240,41280,2,16,tts_viseme
P002,8,3,156,dao,1,sapi_viseme_6,tts_viseme,5,1031,1035,41240,41400,5,6,tts_viseme
P002,8,3,156,dao,2,sapi_viseme_2,tts_viseme,7,1035,1037,41400,41480,3,2,tts_viseme
P002,8,4,157,qu,0,sapi_viseme_19,tts_viseme,2,1038,1040,41520,41600,3,19,tts_viseme
P002,8,4,157,qu,1,sapi_viseme_16,tts_viseme,2,1040,1041,41600,41640,2,16,tts_viseme
P002,8,4,157,qu,2,sapi_viseme_6,tts_viseme,5,1040,1043,41600,41720,4,6,tts_viseme
P002,8,5,158,dong,0,sapi_viseme_1,tts_viseme,4,1044,1046,41760,41840,3,1,tts_viseme
P002,8,5,158,dong,1,sapi_viseme_20,tts_viseme,4,1047,1049,41880,41960,3,20,tts_viseme
P002,8,5,158,dong,2,sapi_viseme_12,tts_viseme,4,1050,1050,42000,42000,1.0,12,tts_viseme
P002,8,5,158,dong,3,sapi_viseme_7,tts_viseme,3,1050,1053,42000,42120,4,7,tts_viseme
P002,8,6,159,tuo,0,sapi_viseme_1,tts_viseme,4,1053,1055,42120,42200,3,1,tts_viseme
P002,8,6,159,tuo,1,sapi_viseme_19,tts_viseme,2,1055,1057,42200,42280,3,19,tts_viseme
P002,8,7,160,pu,0,sapi_viseme_12,tts_viseme,4,1058,1060,42320,42400,3,12,tts_viseme
P002,8,7,160,pu,1,sapi_viseme_1,tts_viseme,4,1061,1062,42440,42480,2,1,tts_viseme
P002,8,7,160,pu,2,sapi_viseme_1,tts_viseme,4,1063,1064,42520,42560,2,1,tts_viseme
P002,8,7,160,pu,3,sapi_viseme_21,tts_viseme,0,1065,1066,42600,42640,2,21,tts_viseme
P002,8,8,161,jie,0,sapi_viseme_1,tts_viseme,4,1067,1069,42680,42760,3,1,tts_viseme
P002,8,8,161,jie,1,sapi_viseme_20,tts_viseme,4,1070,1072,42800,42880,3,20,tts_viseme
P002,8,9,162,gou,0,sapi_viseme_21,tts_viseme,0,1072,1073,42880,42920,2,21,tts_viseme
P002,8,9,162,gou,1,sapi_viseme_6,tts_viseme,5,1072,1075,42880,43000,4,6,tts_viseme
P002,8,9,162,gou,2,sapi_viseme_6,tts_viseme,5,1076,1079,43040,43160,4,6,tts_viseme
P002,8,9,162,gou,3,sapi_viseme_6,tts_viseme,5,1079,1082,43160,43280,4,6,tts_viseme
P002,9,0,163,cu,0,c,initial,5,1093,1094,43720,43760,2,0,tts_viseme_fallback_estimated
P002,9,0,163,cu,1,u,final,3,1095,1097,43800,43880,3,0,tts_viseme_fallback_estimated
P002,9,1,164,jin,0,j,initial,5,1098,1099,43920,43960,2,0,tts_viseme_fallback_estimated
P002,9,1,164,jin,1,in,final,5,1100,1102,44000,44080,3,0,tts_viseme_fallback_estimated
P002,9,2,165,ren,0,r,initial,2,1103,1104,44120,44160,2,0,tts_viseme_fallback_estimated
P002,9,2,165,ren,1,en,final,4,1105,1108,44200,44320,4,0,tts_viseme_fallback_estimated
P002,9,3,166,lei,0,l,initial,2,1109,1110,44360,44400,2,0,tts_viseme_fallback_estimated
P002,9,3,166,lei,1,ei,final,5,1111,1113,44440,44520,3,0,tts_viseme_fallback_estimated
P002,9,4,167,biao,0,b,initial,0,1114,1115,44560,44600,2,0,tts_viseme_fallback_estimated
P002,9,4,167,biao,1,iao,final,6,1116,1118,44640,44720,3,0,tts_viseme_fallback_estimated
P002,9,5,168,qing,0,q,initial,5,1119,1120,44760,44800,2,0,tts_viseme_fallback_estimated
P002,9,5,168,qing,1,ing,final,4,1121,1123,44840,44920,3,0,tts_viseme_fallback_estimated
P002,9,6,169,de,0,d,initial,2,1124,1125,44960,45000,2,0,tts_viseme_fallback_estimated
P002,9,6,169,de,1,e,final,4,1126,1128,45040,45120,3,0,tts_viseme_fallback_estimated
P002,9,7,170,zhong,0,zh,initial,2,1129,1130,45160,45200,2,0,tts_viseme_fallback_estimated
P002,9,7,170,zhong,1,ong,final,6,1131,1134,45240,45360,4,0,tts_viseme_fallback_estimated
P002,9,8,171,ding,0,d,initial,2,1135,1136,45400,45440,2,0,tts_viseme_fallback_estimated
P002,9,8,171,ding,1,ing,final,4,1137,1137,45480,45480,1.0,0,tts_viseme_fallback_estimated
P002,9,8,171,ding,2,sapi_viseme_15,tts_viseme,5,1137,1138,45480,45520,2,15,tts_viseme
P002,9,8,171,ding,3,sapi_viseme_7,tts_viseme,3,1137,1140,45480,45600,4,7,tts_viseme
P002,9,9,172,xiang,0,sapi_viseme_8,tts_viseme,6,1141,1142,45640,45680,2,8,tts_viseme
P002,9,9,172,xiang,1,sapi_viseme_8,tts_viseme,6,1142,1144,45680,45760,3,8,tts_viseme
P002,9,9,172,xiang,2,sapi_viseme_7,tts_viseme,3,1145,1146,45800,45840,2,7,tts_viseme
P002,9,9,172,xiang,3,sapi_viseme_4,tts_viseme,4,1147,1150,45880,46000,4,4,tts_viseme
P002,9,9,172,xiang,4,sapi_viseme_6,tts_viseme,5,1151,1153,46040,46120,3,6,tts_viseme
P002,10,0,173,bing,0,sapi_viseme_19,tts_viseme,2,1153,1154,46120,46160,2,19,tts_viseme
P002,10,0,173,bing,1,sapi_viseme_7,tts_viseme,3,1153,1157,46120,46280,5,7,tts_viseme
P002,10,0,173,bing,2,sapi_viseme_7,tts_viseme,3,1157,1159,46280,46360,3,7,tts_viseme
P002,10,0,173,bing,3,sapi_viseme_20,tts_viseme,4,1160,1162,46400,46480,3,20,tts_viseme
P002,10,0,173,bing,4,sapi_viseme_6,tts_viseme,5,1162,1164,46480,46560,3,6,tts_viseme
P002,10,0,173,bing,5,sapi_viseme_6,tts_viseme,5,1165,1166,46600,46640,2,6,tts_viseme
P002,10,1,174,shi,0,sapi_viseme_6,tts_viseme,5,1166,1167,46640,46680,2,6,tts_viseme
P002,10,1,174,shi,1,sapi_viseme_19,tts_viseme,2,1168,1169,46720,46760,2,19,tts_viseme
P002,10,1,174,shi,2,sapi_viseme_1,tts_viseme,4,1169,1171,46760,46840,3,1,tts_viseme
P002,10,2,175,xian,0,sapi_viseme_1,tts_viseme,4,1172,1174,46880,46960,3,1,tts_viseme
P002,10,2,175,xian,1,sapi_viseme_21,tts_viseme,0,1174,1175,46960,47000,2,21,tts_viseme
P002,10,2,175,xian,2,sapi_viseme_6,tts_viseme,5,1174,1177,46960,47080,4,6,tts_viseme
P002,10,3,176,gao,0,sapi_viseme_2,tts_viseme,7,1177,1179,47080,47160,3,2,tts_viseme
P002,10,3,176,gao,1,sapi_viseme_8,tts_viseme,6,1180,1181,47200,47240,2,8,tts_viseme
P002,10,3,176,gao,2,sapi_viseme_15,tts_viseme,5,1182,1185,47280,47400,4,15,tts_viseme
P002,10,4,177,xiao,0,sapi_viseme_6,tts_viseme,5,1185,1186,47400,47440,2,6,tts_viseme
P002,10,4,177,xiao,1,sapi_viseme_6,tts_viseme,5,1187,1188,47480,47520,2,6,tts_viseme
P002,10,5,178,de,0,sapi_viseme_18,tts_viseme,1,1189,1191,47560,47640,3,18,tts_viseme
P002,10,5,178,de,1,sapi_viseme_2,tts_viseme,7,1191,1193,47640,47720,3,2,tts_viseme
P002,10,6,179,yu,0,sapi_viseme_20,tts_viseme,4,1194,1196,47760,47840,3,20,tts_viseme
P002,10,6,179,yu,1,sapi_viseme_18,tts_viseme,1,1197,1198,47880,47920,2,18,tts_viseme
P002,10,7,180,yin,0,sapi_viseme_2,tts_viseme,7,1199,1202,47960,48080,4,2,tts_viseme
P002,10,7,180,yin,1,sapi_viseme_2,tts_viseme,7,1202,1206,48080,48240,5,2,tts_viseme
P002,10,8,181,qu,0,u,final,3,1206,1207,48240,48280,2,0,tts_viseme_fallback_estimated
P002,10,9,182,dong,0,d,initial,2,1208,1209,48320,48360,2,0,tts_viseme_fallback_estimated
P002,10,9,182,dong,1,ong,final,6,1210,1212,48400,48480,3,0,tts_viseme_fallback_estimated
P002,10,10,183,mian,0,m,initial,0,1213,1214,48520,48560,2,0,tts_viseme_fallback_estimated
P002,10,10,183,mian,1,ian,final,7,1215,1218,48600,48720,4,0,tts_viseme_fallback_estimated
P002,10,11,184,bu,0,b,initial,0,1219,1219,48760,48760,1.0,0,tts_viseme_fallback_estimated
P002,10,11,184,bu,1,sapi_viseme_15,tts_viseme,5,1220,1221,48800,48840,2,15,tts_viseme
P002,10,11,184,bu,2,sapi_viseme_7,tts_viseme,3,1220,1223,48800,48920,4,7,tts_viseme
P002,10,12,185,yun,0,sapi_viseme_7,tts_viseme,3,1224,1226,48960,49040,3,7,tts_viseme
P002,10,12,185,yun,1,sapi_viseme_20,tts_viseme,4,1227,1229,49080,49160,3,20,tts_viseme
P002,10,13,186,dong,0,sapi_viseme_19,tts_viseme,2,1229,1232,49160,49280,4,19,tts_viseme
P002,10,13,186,dong,1,sapi_viseme_1,tts_viseme,4,1232,1235,49280,49400,4,1,tts_viseme
P002,10,14,187,sheng,0,sapi_viseme_1,tts_viseme,4,1236,1238,49440,49520,3,1,tts_viseme
P002,10,15,188,cheng,0,sapi_viseme_19,tts_viseme,2,1239,1239,49560,49560,1.0,19,tts_viseme
P002,10,15,188,cheng,1,sapi_viseme_15,tts_viseme,5,1239,1242,49560,49680,4,15,tts_viseme
P002,10,15,188,cheng,2,sapi_viseme_6,tts_viseme,5,1242,1244,49680,49760,3,6,tts_viseme
P002,10,15,188,cheng,3,sapi_viseme_6,tts_viseme,5,1244,1245,49760,49800,2,6,tts_viseme
P002,10,15,188,cheng,4,sapi_viseme_19,tts_viseme,2,1246,1247,49840,49880,2,19,tts_viseme
P002,10,15,188,cheng,5,sapi_viseme_2,tts_viseme,7,1247,1250,49880,50000,4,2,tts_viseme
P002,10,15,188,cheng,6,sapi_viseme_8,tts_viseme,6,1250,1253,50000,50120,4,8,tts_viseme
P002,10,15,188,cheng,7,sapi_viseme_15,tts_viseme,5,1254,1258,50160,50320,5,15,tts_viseme
P002,11,0,189,gai,0,sapi_viseme_6,tts_viseme,5,1259,1260,50360,50400,2,6,tts_viseme
P002,11,0,189,gai,1,sapi_viseme_6,tts_viseme,5,1261,1262,50440,50480,2,6,tts_viseme
P002,11,0,189,gai,2,sapi_viseme_6,tts_viseme,5,1262,1263,50480,50520,2,6,tts_viseme
P002,11,0,189,gai,3,sapi_viseme_19,tts_viseme,2,1262,1265,50480,50600,4,19,tts_viseme
P002,11,0,189,gai,4,sapi_viseme_6,tts_viseme,5,1265,1266,50600,50640,2,6,tts_viseme
P002,11,0,189,gai,5,sapi_viseme_6,tts_viseme,5,1266,1268,50640,50720,3,6,tts_viseme
P002,11,0,189,gai,6,sapi_viseme_15,tts_viseme,5,1268,1271,50720,50840,4,15,tts_viseme
P002,11,0,189,gai,7,sapi_viseme_1,tts_viseme,4,1271,1273,50840,50920,3,1,tts_viseme
P002,11,0,189,gai,8,sapi_viseme_1,tts_viseme,4,1273,1275,50920,51000,3,1,tts_viseme
P002,11,0,189,gai,9,sapi_viseme_6,tts_viseme,5,1275,1276,51000,51040,2,6,tts_viseme
P002,11,0,189,gai,10,sapi_viseme_16,tts_viseme,2,1275,1278,51000,51120,4,16,tts_viseme
P002,11,1,190,fang,0,sapi_viseme_6,tts_viseme,5,1278,1280,51120,51200,3,6,tts_viseme
P002,11,1,190,fang,1,sapi_viseme_6,tts_viseme,5,1281,1283,51240,51320,3,6,tts_viseme
P002,11,1,190,fang,2,sapi_viseme_12,tts_viseme,4,1284,1287,51360,51480,4,12,tts_viseme
P002,11,2,191,fa,0,sapi_viseme_1,tts_viseme,4,1288,1290,51520,51600,3,1,tts_viseme
P002,11,2,191,fa,1,sapi_viseme_1,tts_viseme,4,1290,1291,51600,51640,2,1,tts_viseme
P002,11,2,191,fa,2,sapi_viseme_7,tts_viseme,3,1292,1294,51680,51760,3,7,tts_viseme
P002,11,2,191,fa,3,sapi_viseme_1,tts_viseme,4,1295,1296,51800,51840,2,1,tts_viseme
P002,11,3,192,zai,0,sapi_viseme_19,tts_viseme,2,1296,1299,51840,51960,4,19,tts_viseme
P002,11,3,192,zai,1,sapi_viseme_7,tts_viseme,3,1299,1300,51960,52000,2,7,tts_viseme
P002,11,3,192,zai,2,sapi_viseme_19,tts_viseme,2,1299,1300,51960,52000,2,19,tts_viseme
P002,11,3,192,zai,3,sapi_viseme_7,tts_viseme,3,1301,1303,52040,52120,3,7,tts_viseme
P002,11,4,193,dan,0,sapi_viseme_20,tts_viseme,4,1304,1306,52160,52240,3,20,tts_viseme
P002,11,4,193,dan,1,sapi_viseme_12,tts_viseme,4,1307,1310,52280,52400,4,12,tts_viseme
P002,11,4,193,dan,2,sapi_viseme_1,tts_viseme,4,1311,1312,52440,52480,2,1,tts_viseme
P002,11,5,194,kuai,0,sapi_viseme_1,tts_viseme,4,1313,1314,52520,52560,2,1,tts_viseme
P002,11,5,194,kuai,1,sapi_viseme_15,tts_viseme,5,1315,1315,52600,52600,1.0,15,tts_viseme
P002,11,5,194,kuai,2,sapi_viseme_19,tts_viseme,2,1315,1317,52600,52680,3,19,tts_viseme
P002,11,5,194,kuai,3,sapi_viseme_1,tts_viseme,4,1318,1320,52720,52800,3,1,tts_viseme
P002,11,5,194,kuai,4,sapi_viseme_20,tts_viseme,4,1320,1323,52800,52920,4,20,tts_viseme
P002,11,6,195,xian,0,sapi_viseme_18,tts_viseme,1,1323,1325,52920,53000,3,18,tts_viseme
P002,11,6,195,xian,1,sapi_viseme_2,tts_viseme,7,1325,1327,53000,53080,3,2,tts_viseme
P002,11,6,195,xian,2,sapi_viseme_20,tts_viseme,4,1328,1330,53120,53200,3,20,tts_viseme
P002,11,7,196,ka,0,sapi_viseme_21,tts_viseme,0,1330,1331,53200,53240,2,21,tts_viseme
P002,11,7,196,ka,1,sapi_viseme_6,tts_viseme,5,1330,1332,53200,53280,3,6,tts_viseme
P002,11,7,196,ka,2,sapi_viseme_2,tts_viseme,7,1332,1334,53280,53360,3,2,tts_viseme
P002,11,7,196,ka,3,sapi_viseme_19,tts_viseme,2,1335,1336,53400,53440,2,19,tts_viseme
P002,11,7,196,ka,4,sapi_viseme_19,tts_viseme,2,1337,1337,53480,53480,1.0,19,tts_viseme
P002,11,7,196,ka,5,sapi_viseme_1,tts_viseme,4,1338,1339,53520,53560,2,1,tts_viseme
P002,11,8,197,shang,0,sapi_viseme_1,tts_viseme,4,1339,1340,53560,53600,2,1,tts_viseme
P002,11,8,197,shang,1,sapi_viseme_15,tts_viseme,5,1340,1341,53600,53640,2,15,tts_viseme
P002,11,8,197,shang,2,sapi_viseme_7,tts_viseme,3,1340,1341,53600,53640,2,7,tts_viseme
P002,11,8,197,shang,3,sapi_viseme_19,tts_viseme,2,1340,1343,53600,53720,4,19,tts_viseme
P002,11,8,197,shang,4,sapi_viseme_2,tts_viseme,7,1344,1346,53760,53840,3,2,tts_viseme
P002,11,8,197,shang,5,sapi_viseme_20,tts_viseme,4,1346,1348,53840,53920,3,20,tts_viseme
P002,11,9,198,shi,0,sapi_viseme_16,tts_viseme,2,1349,1350,53960,54000,2,16,tts_viseme
P002,11,9,198,shi,1,sapi_viseme_6,tts_viseme,5,1349,1353,53960,54120,5,6,tts_viseme
P002,11,9,198,shi,2,sapi_viseme_6,tts_viseme,5,1353,1356,54120,54240,4,6,tts_viseme
P002,11,10,199,xian,0,sapi_viseme_19,tts_viseme,2,1356,1360,54240,54400,5,19,tts_viseme
P002,11,10,199,xian,1,ian,final,7,1360,1362,54400,54480,3,0,tts_viseme_fallback_estimated
P002,11,11,200,le,0,l,initial,2,1363,1364,54520,54560,2,0,tts_viseme_fallback_estimated
P002,11,11,200,le,1,e,final,4,1365,1369,54600,54760,5,0,tts_viseme_fallback_estimated
P002,11,12,201,chao,0,ch,initial,2,1370,1371,54800,54840,2,0,tts_viseme_fallback_estimated
P002,11,12,201,chao,1,ao,final,6,1372,1377,54880,55080,6,0,tts_viseme_fallback_estimated
P002,11,13,202,guo,0,g,initial,4,1378,1380,55120,55200,3,0,tts_viseme_fallback_estimated
P002,11,13,202,guo,1,uo,final,6,1381,1386,55240,55440,6,0,tts_viseme_fallback_estimated
P002,11,14,203,de,0,d,initial,2,1387,1388,55480,55520,2,0,tts_viseme_fallback_estimated
P002,11,14,203,de,1,e,final,4,1389,1393,55560,55720,5,0,tts_viseme_fallback_estimated
P002,11,15,204,shi,0,sh,initial,2,1394,1395,55760,55800,2,0,tts_viseme_fallback_estimated
P002,11,15,204,shi,1,i,final,5,1396,1400,55840,56000,5,0,tts_viseme_fallback_estimated
P002,11,16,205,shi,0,sh,initial,2,1401,1402,56040,56080,2,0,tts_viseme_fallback_estimated
P002,11,16,205,shi,1,i,final,5,1403,1407,56120,56280,5,0,tts_viseme_fallback_estimated
P002,11,17,206,fang,0,f,initial,1,1408,1410,56320,56400,3,0,tts_viseme_fallback_estimated
P002,11,17,206,fang,1,ang,final,7,1411,1413,56440,56520,3,0,tts_viseme_fallback_estimated
P002,11,17,206,fang,2,sapi_viseme_19,tts_viseme,2,1413,1415,56520,56600,3,19,tts_viseme
P002,11,17,206,fang,3,sapi_viseme_1,tts_viseme,4,1416,1418,56640,56720,3,1,tts_viseme
P002,11,18,207,zhen,0,sapi_viseme_20,tts_viseme,4,1418,1421,56720,56840,4,20,tts_viseme
P002,11,18,207,zhen,1,sapi_viseme_20,tts_viseme,4,1421,1422,56840,56880,2,20,tts_viseme
P002,11,18,207,zhen,2,sapi_viseme_8,tts_viseme,6,1423,1425,56920,57000,3,8,tts_viseme
P002,11,19,208,mian,0,sapi_viseme_7,tts_viseme,3,1426,1429,57040,57160,4,7,tts_viseme
P002,11,19,208,mian,1,sapi_viseme_15,tts_viseme,5,1429,1430,57160,57200,2,15,tts_viseme
P002,11,19,208,mian,2,sapi_viseme_19,tts_viseme,2,1429,1432,57160,57280,4,19,tts_viseme
P002,11,19,208,mian,3,sapi_viseme_6,tts_viseme,5,1432,1434,57280,57360,3,6,tts_viseme
P002,11,20,209,bu,0,sapi_viseme_6,tts_viseme,5,1435,1436,57400,57440,2,6,tts_viseme
P002,11,20,209,bu,1,sapi_viseme_19,tts_viseme,2,1436,1437,57440,57480,2,19,tts_viseme
P002,11,20,209,bu,2,sapi_viseme_2,tts_viseme,7,1437,1439,57480,57560,3,2,tts_viseme
P002,11,20,209,bu,3,sapi_viseme_8,tts_viseme,6,1440,1442,57600,57680,3,8,tts_viseme
P002,11,21,210,biao,0,sapi_viseme_7,tts_viseme,3,1443,1444,57720,57760,2,7,tts_viseme
P002,11,21,210,biao,1,sapi_viseme_16,tts_viseme,2,1443,1446,57720,57840,4,16,tts_viseme
P002,11,21,210,biao,2,sapi_viseme_4,tts_viseme,4,1446,1447,57840,57880,2,4,tts_viseme
P002,11,21,210,biao,3,sapi_viseme_4,tts_viseme,4,1448,1449,57920,57960,2,4,tts_viseme
P002,11,22,211,qing,0,sapi_viseme_19,tts_viseme,2,1450,1450,58000,58000,1.0,19,tts_viseme
P002,11,22,211,qing,1,sapi_viseme_7,tts_viseme,3,1450,1451,58000,58040,2,7,tts_viseme
P002,11,22,211,qing,2,sapi_viseme_7,tts_viseme,3,1452,1454,58080,58160,3,7,tts_viseme
P002,11,22,211,qing,3,sapi_viseme_20,tts_viseme,4,1455,1457,58200,58280,3,20,tts_viseme
P002,11,23,212,sheng,0,sapi_viseme_19,tts_viseme,2,1458,1459,58320,58360,2,19,tts_viseme
P002,11,23,212,sheng,1,sapi_viseme_7,tts_viseme,3,1458,1461,58320,58440,4,7,tts_viseme
P002,11,23,212,sheng,2,sapi_viseme_8,tts_viseme,6,1462,1463,58480,58520,2,8,tts_viseme
P002,11,23,212,sheng,3,sapi_viseme_8,tts_viseme,6,1463,1465,58520,58600,3,8,tts_viseme
P002,11,24,213,cheng,0,sapi_viseme_21,tts_viseme,0,1466,1466,58640,58640,1.0,21,tts_viseme
P002,11,24,213,cheng,1,sapi_viseme_7,tts_viseme,3,1466,1468,58640,58720,3,7,tts_viseme
P002,11,24,213,cheng,2,sapi_viseme_7,tts_viseme,3,1468,1470,58720,58800,3,7,tts_viseme
P002,11,24,213,cheng,3,sapi_viseme_7,tts_viseme,3,1470,1472,58800,58880,3,7,tts_viseme
P002,11,25,214,neng,0,sapi_viseme_16,tts_viseme,2,1472,1473,58880,58920,2,16,tts_viseme
P002,11,25,214,neng,1,sapi_viseme_6,tts_viseme,5,1472,1474,58880,58960,3,6,tts_viseme
P002,11,25,214,neng,2,sapi_viseme_4,tts_viseme,4,1475,1477,59000,59080,3,4,tts_viseme
P002,11,25,214,neng,3,sapi_viseme_4,tts_viseme,4,1477,1479,59080,59160,3,4,tts_viseme
P002,11,26,215,li,0,sapi_viseme_20,tts_viseme,4,1480,1481,59200,59240,2,20,tts_viseme
P002,11,26,215,li,1,sapi_viseme_8,tts_viseme,6,1482,1486,59280,59440,5,8,tts_viseme
P002,11,26,215,li,2,sapi_viseme_7,tts_viseme,3,1486,1488,59440,59520,3,7,tts_viseme
P002,12,0,216,xian,0,x,initial,5,1495,1496,59800,59840,2,0,tts_viseme_fallback_estimated
P002,12,0,216,xian,1,ian,final,7,1497,1501,59880,60040,5,0,tts_viseme_fallback_estimated
P002,12,1,217,zhu,0,zh,initial,2,1502,1502,60080,60080,1.0,0,tts_viseme_fallback_estimated
P002,12,1,217,zhu,1,sapi_viseme_7,tts_viseme,3,1502,1503,60080,60120,2,7,tts_viseme
P002,12,1,217,zhu,2,sapi_viseme_15,tts_viseme,5,1502,1506,60080,60240,5,15,tts_viseme
P002,12,1,217,zhu,3,sapi_viseme_7,tts_viseme,3,1507,1508,60280,60320,2,7,tts_viseme
P002,12,2,218,ti,0,sapi_viseme_7,tts_viseme,3,1509,1510,60360,60400,2,7,tts_viseme
P002,12,2,218,ti,1,sapi_viseme_6,tts_viseme,5,1511,1512,60440,60480,2,6,tts_viseme
P002,12,2,218,ti,2,sapi_viseme_16,tts_viseme,2,1511,1513,60440,60520,3,16,tts_viseme
P002,12,3,219,sheng,0,sapi_viseme_6,tts_viseme,5,1514,1515,60560,60600,2,6,tts_viseme
P002,12,3,219,sheng,1,sapi_viseme_19,tts_viseme,2,1516,1517,60640,60680,2,19,tts_viseme
P002,12,3,219,sheng,2,sapi_viseme_15,tts_viseme,5,1518,1519,60720,60760,2,15,tts_viseme
P002,12,4,220,le,0,sapi_viseme_1,tts_viseme,4,1520,1522,60800,60880,3,1,tts_viseme
P002,12,4,220,le,1,sapi_viseme_19,tts_viseme,2,1522,1524,60880,60960,3,19,tts_viseme
P002,12,4,220,le,2,sapi_viseme_14,tts_viseme,2,1525,1526,61000,61040,2,14,tts_viseme
P002,12,5,221,ji,0,sapi_viseme_4,tts_viseme,4,1527,1529,61080,61160,3,4,tts_viseme
P002,12,5,221,ji,1,sapi_viseme_6,tts_viseme,5,1530,1532,61200,61280,3,6,tts_viseme
P002,12,6,222,qi,0,sapi_viseme_6,tts_viseme,5,1533,1533,61320,61320,1.0,6,tts_viseme
P002,12,6,222,qi,1,sapi_viseme_21,tts_viseme,0,1533,1535,61320,61400,3,21,tts_viseme
P002,12,6,222,qi,2,sapi_viseme_2,tts_viseme,7,1535,1537,61400,61480,3,2,tts_viseme
P002,12,7,223,ren,0,sapi_viseme_8,tts_viseme,6,1538,1540,61520,61600,3,8,tts_viseme
P002,12,7,223,ren,1,sapi_viseme_6,tts_viseme,5,1540,1541,61600,61640,2,6,tts_viseme
P002,12,7,223,ren,2,sapi_viseme_16,tts_viseme,2,1540,1543,61600,61720,4,16,tts_viseme
P002,12,8,224,fu,0,sapi_viseme_1,tts_viseme,4,1544,1545,61760,61800,2,1,tts_viseme
P002,12,8,224,fu,1,sapi_viseme_20,tts_viseme,4,1546,1547,61840,61880,2,20,tts_viseme
P002,12,8,224,fu,2,sapi_viseme_19,tts_viseme,2,1548,1549,61920,61960,2,19,tts_viseme
P002,12,9,225,zhi,0,sapi_viseme_1,tts_viseme,4,1550,1552,62000,62080,3,1,tts_viseme
P002,12,9,225,zhi,1,sapi_viseme_1,tts_viseme,4,1552,1554,62080,62160,3,1,tts_viseme
P002,12,9,225,zhi,2,sapi_viseme_19,tts_viseme,2,1555,1555,62200,62200,1.0,19,tts_viseme
P002,12,9,225,zhi,3,sapi_viseme_15,tts_viseme,5,1555,1555,62200,62200,1.0,15,tts_viseme
P002,12,9,225,zhi,4,sapi_viseme_7,tts_viseme,3,1555,1559,62200,62360,5,7,tts_viseme
P002,12,10,226,xi,0,sapi_viseme_7,tts_viseme,3,1559,1561,62360,62440,3,7,tts_viseme
P002,12,11,227,wei,0,sapi_viseme_20,tts_viseme,4,1562,1564,62480,62560,3,20,tts_viseme
P002,12,11,227,wei,1,sapi_viseme_19,tts_viseme,2,1565,1565,62600,62600,1.0,19,tts_viseme
P002,12,11,227,wei,2,sapi_viseme_6,tts_viseme,5,1565,1566,62600,62640,2,6,tts_viseme
P002,12,11,227,wei,3,sapi_viseme_1,tts_viseme,4,1566,1568,62640,62720,3,1,tts_viseme
P002,12,12,228,ren,0,sapi_viseme_20,tts_viseme,4,1569,1571,62760,62840,3,20,tts_viseme
P002,12,12,228,ren,1,sapi_viseme_16,tts_viseme,2,1571,1572,62840,62880,2,16,tts_viseme
P002,12,12,228,ren,2,sapi_viseme_6,tts_viseme,5,1571,1574,62840,62960,4,6,tts_viseme
P002,12,13,229,lei,0,sapi_viseme_2,tts_viseme,7,1574,1577,62960,63080,4,2,tts_viseme
P002,12,13,229,lei,1,sapi_viseme_20,tts_viseme,4,1578,1582,63120,63280,5,20,tts_viseme
P002,12,14,230,biao,0,iao,final,6,1582,1585,63280,63400,4,0,tts_viseme_fallback_estimated
P002,12,15,231,qing,0,q,initial,5,1586,1587,63440,63480,2,0,tts_viseme_fallback_estimated
P002,12,15,231,qing,1,ing,final,4,1588,1591,63520,63640,4,0,tts_viseme_fallback_estimated
P002,12,16,232,yi,0,y,initial,5,1592,1593,63680,63720,2,0,tts_viseme_fallback_estimated
P002,12,16,232,yi,1,i,final,5,1594,1596,63760,63840,3,0,tts_viseme_fallback_estimated
P002,12,16,232,yi,2,sapi_viseme_21,tts_viseme,0,1596,1597,63840,63880,2,21,tts_viseme
P002,12,16,232,yi,3,sapi_viseme_6,tts_viseme,5,1596,1598,63840,63920,3,6,tts_viseme
P002,12,17,233,shi,0,sapi_viseme_1,tts_viseme,4,1599,1601,63960,64040,3,1,tts_viseme
P002,12,17,233,shi,1,sapi_viseme_20,tts_viseme,4,1601,1603,64040,64120,3,20,tts_viseme
P002,12,18,234,xian,0,sapi_viseme_15,tts_viseme,5,1604,1607,64160,64280,4,15,tts_viseme
P002,12,18,234,xian,1,sapi_viseme_6,tts_viseme,5,1608,1609,64320,64360,2,6,tts_viseme
P002,12,18,234,xian,2,sapi_viseme_6,tts_viseme,5,1610,1611,64400,64440,2,6,tts_viseme
P002,12,19,235,zi,0,sapi_viseme_16,tts_viseme,2,1611,1612,64440,64480,2,16,tts_viseme
P002,12,19,235,zi,1,sapi_viseme_6,tts_viseme,5,1611,1614,64440,64560,4,6,tts_viseme
P002,12,19,235,zi,2,sapi_viseme_2,tts_viseme,7,1614,1617,64560,64680,4,2,tts_viseme
P002,12,20,236,ran,0,sapi_viseme_19,tts_viseme,2,1617,1621,64680,64840,5,19,tts_viseme
P002,12,20,236,ran,1,sapi_viseme_20,tts_viseme,4,1621,1623,64840,64920,3,20,tts_viseme
P002,12,21,237,jiao,0,sapi_viseme_2,tts_viseme,7,1624,1625,64960,65000,2,2,tts_viseme
P002,12,21,237,jiao,1,sapi_viseme_8,tts_viseme,6,1626,1628,65040,65120,3,8,tts_viseme
P002,12,21,237,jiao,2,sapi_viseme_16,tts_viseme,2,1628,1629,65120,65160,2,16,tts_viseme
P002,12,21,237,jiao,3,sapi_viseme_6,tts_viseme,5,1628,1630,65120,65200,3,6,tts_viseme
P002,12,22,238,hu,0,sapi_viseme_2,tts_viseme,7,1631,1633,65240,65320,3,2,tts_viseme
P002,12,22,238,hu,1,sapi_viseme_8,tts_viseme,6,1634,1636,65360,65440,3,8,tts_viseme
P002,12,23,239,de,0,sapi_viseme_19,tts_viseme,2,1636,1637,65440,65480,2,19,tts_viseme
P002,12,23,239,de,1,sapi_viseme_1,tts_viseme,4,1637,1638,65480,65520,2,1,tts_viseme
P002,12,23,239,de,2,sapi_viseme_1,tts_viseme,4,1639,1639,65560,65560,1.0,1,tts_viseme
P002,12,23,239,de,3,sapi_viseme_7,tts_viseme,3,1640,1642,65600,65680,3,7,tts_viseme
P002,12,24,240,neng,0,sapi_viseme_4,tts_viseme,4,1642,1643,65680,65720,2,4,tts_viseme
P002,12,24,240,neng,1,sapi_viseme_4,tts_viseme,4,1644,1645,65760,65800,2,4,tts_viseme
P002,12,24,240,neng,2,sapi_viseme_6,tts_viseme,5,1646,1648,65840,65920,3,6,tts_viseme
P002,12,25,241,li,0,sapi_viseme_6,tts_viseme,5,1648,1651,65920,66040,4,6,tts_viseme
P002,12,25,241,li,1,sapi_viseme_19,tts_viseme,2,1651,1654,66040,66160,4,19,tts_viseme
P002,12,25,241,li,2,sapi_viseme_16,tts_viseme,2,1655,1656,66200,66240,2,16,tts_viseme
P002,12,25,241,li,3,sapi_viseme_7,tts_viseme,3,1655,1659,66200,66360,5,7,tts_viseme
P002,12,25,241,li,4,sapi_viseme_4,tts_viseme,4,1659,1660,66360,66400,2,4,tts_viseme
P002,12,25,241,li,5,sapi_viseme_4,tts_viseme,4,1660,1662,66400,66480,3,4,tts_viseme
P002,12,25,241,li,6,sapi_viseme_19,tts_viseme,2,1663,1663,66520,66520,1.0,19,tts_viseme
P002,12,25,241,li,7,sapi_viseme_7,tts_viseme,3,1663,1664,66520,66560,2,7,tts_viseme
P002,12,25,241,li,8,sapi_viseme_7,tts_viseme,3,1664,1667,66560,66680,4,7,tts_viseme
P002,12,25,241,li,9,sapi_viseme_20,tts_viseme,4,1667,1670,66680,66800,4,20,tts_viseme
P002,12,25,241,li,10,sapi_viseme_21,tts_viseme,0,1670,1671,66800,66840,2,21,tts_viseme
P002,12,25,241,li,11,sapi_viseme_6,tts_viseme,5,1670,1673,66800,66920,4,6,tts_viseme
P002,12,25,241,li,12,sapi_viseme_2,tts_viseme,7,1673,1675,66920,67000,3,2,tts_viseme
P002,12,25,241,li,13,sapi_viseme_19,tts_viseme,2,1676,1678,67040,67120,3,19,tts_viseme
P002,12,25,241,li,14,sapi_viseme_21,tts_viseme,0,1679,1679,67160,67160,1.0,21,tts_viseme
P002,12,25,241,li,15,sapi_viseme_7,tts_viseme,3,1679,1680,67160,67200,2,7,tts_viseme
P002,12,25,241,li,16,sapi_viseme_7,tts_viseme,3,1680,1681,67200,67240,2,7,tts_viseme
P002,12,25,241,li,17,sapi_viseme_7,tts_viseme,3,1682,1683,67280,67320,2,7,tts_viseme
P002,12,25,241,li,18,sapi_viseme_7,tts_viseme,3,1684,1686,67360,67440,3,7,tts_viseme
P002,12,25,241,li,19,sapi_viseme_1,tts_viseme,4,1686,1687,67440,67480,2,1,tts_viseme
P002,12,25,241,li,20,sapi_viseme_19,tts_viseme,2,1688,1690,67520,67600,3,19,tts_viseme
P002,12,25,241,li,21,sapi_viseme_19,tts_viseme,2,1691,1691,67640,67640,1.0,19,tts_viseme
P002,12,25,241,li,22,sapi_viseme_7,tts_viseme,3,1691,1692,67640,67680,2,7,tts_viseme
P002,12,25,241,li,23,sapi_viseme_7,tts_viseme,3,1693,1695,67720,67800,3,7,tts_viseme
P002,12,25,241,li,24,sapi_viseme_20,tts_viseme,4,1695,1698,67800,67920,4,20,tts_viseme
P002,12,25,241,li,25,sapi_viseme_15,tts_viseme,5,1699,1702,67960,68080,4,15,tts_viseme
P002,12,25,241,li,26,sapi_viseme_1,tts_viseme,4,1703,1704,68120,68160,2,1,tts_viseme
P002,12,25,241,li,27,sapi_viseme_20,tts_viseme,4,1705,1707,68200,68280,3,20,tts_viseme
P002,12,25,241,li,28,sapi_viseme_19,tts_viseme,2,1707,1708,68280,68320,2,19,tts_viseme
P002,12,25,241,li,29,sapi_viseme_15,tts_viseme,5,1707,1710,68280,68400,4,15,tts_viseme
P002,12,25,241,li,30,sapi_viseme_1,tts_viseme,4,1710,1715,68400,68600,6,1,tts_viseme
P002,12,25,241,li,31,sapi_viseme_20,tts_viseme,4,1715,1719,68600,68760,5,20,tts_viseme
P002,12,25,241,li,32,sapi_viseme_20,tts_viseme,4,1749,1751,69960,70040,3,20,tts_viseme
P002,12,25,241,li,33,sapi_viseme_2,tts_viseme,7,1751,1753,70040,70120,3,2,tts_viseme
P002,12,25,241,li,34,sapi_viseme_4,tts_viseme,4,1753,1755,70120,70200,3,4,tts_viseme
P002,12,25,241,li,35,sapi_viseme_18,tts_viseme,1,1755,1757,70200,70280,3,18,tts_viseme
P002,12,25,241,li,36,sapi_viseme_2,tts_viseme,7,1758,1760,70320,70400,3,2,tts_viseme
P002,12,25,241,li,37,sapi_viseme_20,tts_viseme,4,1760,1763,70400,70520,4,20,tts_viseme
P002,12,25,241,li,38,sapi_viseme_18,tts_viseme,1,1763,1765,70520,70600,3,18,tts_viseme
P002,12,25,241,li,39,sapi_viseme_2,tts_viseme,7,1765,1768,70600,70720,4,2,tts_viseme
P002,12,25,241,li,40,sapi_viseme_2,tts_viseme,7,1769,1772,70760,70880,4,2,tts_viseme
P002,12,25,241,li,41,sapi_viseme_15,tts_viseme,5,1773,1776,70920,71040,4,15,tts_viseme
P002,12,25,241,li,42,sapi_viseme_2,tts_viseme,7,1776,1777,71040,71080,2,2,tts_viseme
P002,12,25,241,li,43,sapi_viseme_4,tts_viseme,4,1778,1780,71120,71200,3,4,tts_viseme
P002,12,25,241,li,44,sapi_viseme_19,tts_viseme,2,1780,1782,71200,71280,3,19,tts_viseme
P002,12,25,241,li,45,sapi_viseme_2,tts_viseme,7,1782,1784,71280,71360,3,2,tts_viseme
P002,12,25,241,li,46,sapi_viseme_19,tts_viseme,2,1785,1787,71400,71480,3,19,tts_viseme
P002,12,25,241,li,47,sapi_viseme_20,tts_viseme,4,1788,1789,71520,71560,2,20,tts_viseme
P002,12,25,241,li,48,sapi_viseme_7,tts_viseme,3,1788,1790,71520,71600,3,7,tts_viseme
P002,12,25,241,li,49,sapi_viseme_2,tts_viseme,7,1791,1793,71640,71720,3,2,tts_viseme
P002,12,25,241,li,50,sapi_viseme_4,tts_viseme,4,1794,1843,71760,73720,50,4,tts_viseme
P002,12,25,241,li,51,sapi_viseme_15,tts_viseme,5,1843,1847,73720,73880,5,15,tts_viseme
P002,12,25,241,li,52,sapi_viseme_6,tts_viseme,5,1848,1849,73920,73960,2,6,tts_viseme
P002,12,25,241,li,53,sapi_viseme_6,tts_viseme,5,1849,1851,73960,74040,3,6,tts_viseme
P002,12,25,241,li,54,sapi_viseme_16,tts_viseme,2,1851,1852,74040,74080,2,16,tts_viseme
P002,12,25,241,li,55,sapi_viseme_6,tts_viseme,5,1851,1854,74040,74160,4,6,tts_viseme
P002,12,25,241,li,56,sapi_viseme_2,tts_viseme,7,1854,1856,74160,74240,3,2,tts_viseme
P002,12,25,241,li,57,sapi_viseme_19,tts_viseme,2,1856,1859,74240,74360,4,19,tts_viseme
P002,12,25,241,li,58,sapi_viseme_14,tts_viseme,2,1859,1860,74360,74400,2,14,tts_viseme
P002,12,25,241,li,59,sapi_viseme_6,tts_viseme,5,1859,1861,74360,74440,3,6,tts_viseme
P002,12,25,241,li,60,sapi_viseme_1,tts_viseme,4,1862,1863,74480,74520,2,1,tts_viseme
P002,12,25,241,li,61,sapi_viseme_20,tts_viseme,4,1864,1866,74560,74640,3,20,tts_viseme
P002,12,25,241,li,62,sapi_viseme_16,tts_viseme,2,1867,1867,74680,74680,1.0,16,tts_viseme
P002,12,25,241,li,63,sapi_viseme_6,tts_viseme,5,1867,1869,74680,74760,3,6,tts_viseme
P002,12,25,241,li,64,sapi_viseme_8,tts_viseme,6,1869,1871,74760,74840,3,8,tts_viseme
P002,12,25,241,li,65,sapi_viseme_7,tts_viseme,3,1872,1873,74880,74920,2,7,tts_viseme
P002,12,25,241,li,66,sapi_viseme_15,tts_viseme,5,1874,1877,74960,75080,4,15,tts_viseme
P002,12,25,241,li,67,sapi_viseme_6,tts_viseme,5,1878,1881,75120,75240,4,6,tts_viseme
P002,12,25,241,li,68,sapi_viseme_6,tts_viseme,5,1882,1884,75280,75360,3,6,tts_viseme
P002,12,25,241,li,69,sapi_viseme_16,tts_viseme,2,1884,1885,75360,75400,2,16,tts_viseme
P002,12,25,241,li,70,sapi_viseme_6,tts_viseme,5,1884,1887,75360,75480,4,6,tts_viseme
P002,12,25,241,li,71,sapi_viseme_2,tts_viseme,7,1888,1890,75520,75600,3,2,tts_viseme
P002,12,25,241,li,72,sapi_viseme_19,tts_viseme,2,1891,1893,75640,75720,3,19,tts_viseme
P002,12,25,241,li,73,sapi_viseme_20,tts_viseme,4,1893,1896,75720,75840,4,20,tts_viseme
P002,12,25,241,li,74,sapi_viseme_2,tts_viseme,7,1896,1898,75840,75920,3,2,tts_viseme
P002,12,25,241,li,75,sapi_viseme_2,tts_viseme,7,1898,1900,75920,76000,3,2,tts_viseme
P002,12,25,241,li,76,sapi_viseme_15,tts_viseme,5,1901,1903,76040,76120,3,15,tts_viseme
P002,12,25,241,li,77,sapi_viseme_2,tts_viseme,7,1903,1906,76120,76240,4,2,tts_viseme
P002,12,25,241,li,78,sapi_viseme_20,tts_viseme,4,1907,1910,76280,76400,4,20,tts_viseme
P002,12,25,241,li,79,sapi_viseme_15,tts_viseme,5,1910,1914,76400,76560,5,15,tts_viseme
P002,12,25,241,li,80,sapi_viseme_6,tts_viseme,5,1915,1916,76600,76640,2,6,tts_viseme
P002,12,25,241,li,81,sapi_viseme_6,tts_viseme,5,1917,1918,76680,76720,2,6,tts_viseme
P002,12,25,241,li,82,sapi_viseme_16,tts_viseme,2,1918,1919,76720,76760,2,16,tts_viseme
P002,12,25,241,li,83,sapi_viseme_6,tts_viseme,5,1918,1921,76720,76840,4,6,tts_viseme
P002,12,25,241,li,84,sapi_viseme_2,tts_viseme,7,1921,1923,76840,76920,3,2,tts_viseme
P002,12,25,241,li,85,sapi_viseme_19,tts_viseme,2,1923,1924,76920,76960,2,19,tts_viseme
P002,12,25,241,li,86,sapi_viseme_14,tts_viseme,2,1925,1927,77000,77080,3,14,tts_viseme
P002,12,25,241,li,87,sapi_viseme_1,tts_viseme,4,1927,1929,77080,77160,3,1,tts_viseme
P002,12,25,241,li,88,sapi_viseme_1,tts_viseme,4,1930,1932,77200,77280,3,1,tts_viseme
P002,12,25,241,li,89,sapi_viseme_19,tts_viseme,2,1932,1933,77280,77320,2,19,tts_viseme
P002,12,25,241,li,90,sapi_viseme_15,tts_viseme,5,1932,1936,77280,77440,5,15,tts_viseme
P002,12,25,241,li,91,sapi_viseme_2,tts_viseme,7,1936,1938,77440,77520,3,2,tts_viseme
P002,12,25,241,li,92,sapi_viseme_8,tts_viseme,6,1938,1941,77520,77640,4,8,tts_viseme
P002,12,25,241,li,93,sapi_viseme_20,tts_viseme,4,1942,1942,77680,77680,1.0,20,tts_viseme
P002,12,25,241,li,94,sapi_viseme_7,tts_viseme,3,1942,1943,77680,77720,2,7,tts_viseme
P002,12,25,241,li,95,sapi_viseme_8,tts_viseme,6,1943,1945,77720,77800,3,8,tts_viseme
P002,12,25,241,li,96,sapi_viseme_8,tts_viseme,6,1945,1947,77800,77880,3,8,tts_viseme
P002,12,25,241,li,97,sapi_viseme_15,tts_viseme,5,1947,1951,77880,78040,5,15,tts_viseme
P002,12,25,241,li,98,sapi_viseme_6,tts_viseme,5,1951,1952,78040,78080,2,6,tts_viseme
P002,12,25,241,li,99,sapi_viseme_6,tts_viseme,5,1953,1954,78120,78160,2,6,tts_viseme
P002,12,25,241,li,100,sapi_viseme_16,tts_viseme,2,1955,1956,78200,78240,2,16,tts_viseme
P002,12,25,241,li,101,sapi_viseme_6,tts_viseme,5,1955,1958,78200,78320,4,6,tts_viseme
P002,12,25,241,li,102,sapi_viseme_2,tts_viseme,7,1959,1961,78360,78440,3,2,tts_viseme
P002,12,25,241,li,103,sapi_viseme_19,tts_viseme,2,1962,1988,78480,79520,27,19,tts_viseme
P002,12,25,241,li,104,sapi_viseme_19,tts_viseme,2,1988,1990,79520,79600,3,19,tts_viseme
P002,12,25,241,li,105,sapi_viseme_1,tts_viseme,4,1990,1992,79600,79680,3,1,tts_viseme
P002,12,25,241,li,106,sapi_viseme_1,tts_viseme,4,1992,1995,79680,79800,4,1,tts_viseme
P002,12,25,241,li,107,sapi_viseme_15,tts_viseme,5,1995,1999,79800,79960,5,15,tts_viseme
P002,12,25,241,li,108,sapi_viseme_6,tts_viseme,5,2000,2001,80000,80040,2,6,tts_viseme
P002,12,25,241,li,109,sapi_viseme_6,tts_viseme,5,2002,2003,80080,80120,2,6,tts_viseme
P002,12,25,241,li,110,sapi_viseme_15,tts_viseme,5,2003,2006,80120,80240,4,15,tts_viseme
P002,12,25,241,li,111,sapi_viseme_6,tts_viseme,5,2006,2007,80240,80280,2,6,tts_viseme
P002,12,25,241,li,112,sapi_viseme_6,tts_viseme,5,2008,2009,80320,80360,2,6,tts_viseme
P002,12,25,241,li,113,sapi_viseme_18,tts_viseme,1,2009,2011,80360,80440,3,18,tts_viseme
P002,12,25,241,li,114,sapi_viseme_2,tts_viseme,7,2012,2014,80480,80560,3,2,tts_viseme
P002,12,25,241,li,115,sapi_viseme_20,tts_viseme,4,2015,2018,80600,80720,4,20,tts_viseme
P002,12,25,241,li,116,sapi_viseme_19,tts_viseme,2,2018,2019,80720,80760,2,19,tts_viseme
P002,12,25,241,li,117,sapi_viseme_15,tts_viseme,5,2018,2019,80720,80760,2,15,tts_viseme
P002,12,25,241,li,118,sapi_viseme_1,tts_viseme,4,2020,2022,80800,80880,3,1,tts_viseme
P002,12,25,241,li,119,sapi_viseme_19,tts_viseme,2,2023,2026,80920,81040,4,19,tts_viseme
P002,12,25,241,li,120,sapi_viseme_21,tts_viseme,0,2026,2027,81040,81080,2,21,tts_viseme
P002,12,25,241,li,121,sapi_viseme_6,tts_viseme,5,2026,2028,81040,81120,3,6,tts_viseme
P002,12,25,241,li,122,sapi_viseme_2,tts_viseme,7,2029,2031,81160,81240,3,2,tts_viseme
P002,12,25,241,li,123,sapi_viseme_19,tts_viseme,2,2032,2034,81280,81360,3,19,tts_viseme
P002,12,25,241,li,124,sapi_viseme_21,tts_viseme,0,2035,2035,81400,81400,1.0,21,tts_viseme
P002,12,25,241,li,125,sapi_viseme_7,tts_viseme,3,2035,2035,81400,81400,1.0,7,tts_viseme
P002,12,25,241,li,126,sapi_viseme_7,tts_viseme,3,2036,2037,81440,81480,2,7,tts_viseme
P002,12,25,241,li,127,sapi_viseme_7,tts_viseme,3,2037,2039,81480,81560,3,7,tts_viseme
P002,12,25,241,li,128,sapi_viseme_6,tts_viseme,5,2040,2040,81600,81600,1.0,6,tts_viseme
P002,12,25,241,li,129,sapi_viseme_21,tts_viseme,0,2040,2041,81600,81640,2,21,tts_viseme
P002,12,25,241,li,130,sapi_viseme_2,tts_viseme,7,2042,2044,81680,81760,3,2,tts_viseme
P002,12,25,241,li,131,sapi_viseme_8,tts_viseme,6,2044,2046,81760,81840,3,8,tts_viseme
P002,12,25,241,li,132,sapi_viseme_16,tts_viseme,2,2047,2047,81880,81880,1.0,16,tts_viseme
P002,12,25,241,li,133,sapi_viseme_6,tts_viseme,5,2047,2050,81880,82000,4,6,tts_viseme
P002,12,25,241,li,134,sapi_viseme_1,tts_viseme,4,2050,2053,82000,82120,4,1,tts_viseme
P002,12,25,241,li,135,sapi_viseme_20,tts_viseme,4,2054,2056,82160,82240,3,20,tts_viseme
P002,12,25,241,li,136,sapi_viseme_15,tts_viseme,5,2057,2060,82280,82400,4,15,tts_viseme
P002,12,25,241,li,137,sapi_viseme_1,tts_viseme,4,2061,2063,82440,82520,3,1,tts_viseme
P002,12,25,241,li,138,sapi_viseme_20,tts_viseme,4,2063,2065,82520,82600,3,20,tts_viseme
P002,12,25,241,li,139,sapi_viseme_19,tts_viseme,2,2066,2066,82640,82640,1.0,19,tts_viseme
P002,12,25,241,li,140,sapi_viseme_15,tts_viseme,5,2066,2068,82640,82720,3,15,tts_viseme
P002,12,25,241,li,141,sapi_viseme_1,tts_viseme,4,2068,2070,82720,82800,3,1,tts_viseme
P002,12,25,241,li,142,sapi_viseme_20,tts_viseme,4,2071,2072,82840,82880,2,20,tts_viseme
P002,12,25,241,li,143,sapi_viseme_19,tts_viseme,2,2073,2075,82920,83000,3,19,tts_viseme
P002,12,25,241,li,144,sapi_viseme_1,tts_viseme,4,2075,2077,83000,83080,3,1,tts_viseme
P002,12,25,241,li,145,sapi_viseme_20,tts_viseme,4,2078,2080,83120,83200,3,20,tts_viseme
P002,12,25,241,li,146,sapi_viseme_14,tts_viseme,2,2080,2081,83200,83240,2,14,tts_viseme
P002,12,25,241,li,147,sapi_viseme_6,tts_viseme,5,2080,2082,83200,83280,3,6,tts_viseme
P002,12,25,241,li,148,sapi_viseme_6,tts_viseme,5,2082,2084,83280,83360,3,6,tts_viseme
P002,12,25,241,li,149,sapi_viseme_6,tts_viseme,5,2084,2088,83360,83520,5,6,tts_viseme
P002,12,25,241,li,150,sapi_viseme_16,tts_viseme,2,2102,2103,84080,84120,2,16,tts_viseme
P002,12,25,241,li,151,sapi_viseme_6,tts_viseme,5,2102,2106,84080,84240,5,6,tts_viseme
P002,12,25,241,li,152,sapi_viseme_2,tts_viseme,7,2106,2108,84240,84320,3,2,tts_viseme
P002,12,25,241,li,153,sapi_viseme_19,tts_viseme,2,2109,2111,84360,84440,3,19,tts_viseme
P002,12,25,241,li,154,sapi_viseme_7,tts_viseme,3,2112,2112,84480,84480,1.0,7,tts_viseme
P002,12,25,241,li,155,sapi_viseme_19,tts_viseme,2,2112,2112,84480,84480,1.0,19,tts_viseme
P002,12,25,241,li,156,sapi_viseme_15,tts_viseme,5,2112,2114,84480,84560,3,15,tts_viseme
P002,12,25,241,li,157,sapi_viseme_7,tts_viseme,3,2114,2116,84560,84640,3,7,tts_viseme
P002,12,25,241,li,158,sapi_viseme_7,tts_viseme,3,2117,2119,84680,84760,3,7,tts_viseme
P002,12,25,241,li,159,sapi_viseme_6,tts_viseme,5,2120,2121,84800,84840,2,6,tts_viseme
P002,12,25,241,li,160,sapi_viseme_19,tts_viseme,2,2120,2124,84800,84960,5,19,tts_viseme
P002,12,25,241,li,161,sapi_viseme_6,tts_viseme,5,2124,2125,84960,85000,2,6,tts_viseme
P002,12,25,241,li,162,sapi_viseme_6,tts_viseme,5,2126,2127,85040,85080,2,6,tts_viseme
P002,12,25,241,li,163,sapi_viseme_15,tts_viseme,5,2127,2130,85080,85200,4,15,tts_viseme
P002,12,25,241,li,164,sapi_viseme_1,tts_viseme,4,2130,2132,85200,85280,3,1,tts_viseme
P002,12,25,241,li,165,sapi_viseme_20,tts_viseme,4,2132,2134,85280,85360,3,20,tts_viseme
P002,12,25,241,li,166,sapi_viseme_14,tts_viseme,2,2134,2136,85360,85440,3,14,tts_viseme
P002,12,25,241,li,167,sapi_viseme_1,tts_viseme,4,2136,2138,85440,85520,3,1,tts_viseme
P002,12,25,241,li,168,sapi_viseme_1,tts_viseme,4,2139,2141,85560,85640,3,1,tts_viseme
P002,12,25,241,li,169,sapi_viseme_6,tts_viseme,5,2142,2143,85680,85720,2,6,tts_viseme
P002,12,25,241,li,170,sapi_viseme_16,tts_viseme,2,2142,2145,85680,85800,4,16,tts_viseme
P002,12,25,241,li,171,sapi_viseme_6,tts_viseme,5,2145,2146,85800,85840,2,6,tts_viseme
P002,12,25,241,li,172,sapi_viseme_6,tts_viseme,5,2147,2148,85880,85920,2,6,tts_viseme
P002,12,25,241,li,173,sapi_viseme_6,tts_viseme,5,2148,2149,85920,85960,2,6,tts_viseme
P002,12,25,241,li,174,sapi_viseme_16,tts_viseme,2,2148,2152,85920,86080,5,16,tts_viseme
P002,12,25,241,li,175,sapi_viseme_6,tts_viseme,5,2152,2153,86080,86120,2,6,tts_viseme
P002,12,25,241,li,176,sapi_viseme_6,tts_viseme,5,2153,2155,86120,86200,3,6,tts_viseme
P002,12,25,241,li,177,sapi_viseme_15,tts_viseme,5,2155,2157,86200,86280,3,15,tts_viseme
P002,12,25,241,li,178,sapi_viseme_1,tts_viseme,4,2158,2161,86320,86440,4,1,tts_viseme
P002,12,25,241,li,179,sapi_viseme_19,tts_viseme,2,2161,2164,86440,86560,4,19,tts_viseme
P002,12,25,241,li,180,sapi_viseme_7,tts_viseme,3,2164,2165,86560,86600,2,7,tts_viseme
P002,12,25,241,li,181,sapi_viseme_18,tts_viseme,1,2164,2168,86560,86720,5,18,tts_viseme
P002,12,25,241,li,182,sapi_viseme_7,tts_viseme,3,2168,2169,86720,86760,2,7,tts_viseme
P002,12,25,241,li,183,sapi_viseme_7,tts_viseme,3,2170,2171,86800,86840,2,7,tts_viseme
P002,12,25,241,li,184,sapi_viseme_15,tts_viseme,5,2172,2172,86880,86880,1.0,15,tts_viseme
P002,12,25,241,li,185,sapi_viseme_19,tts_viseme,2,2172,2174,86880,86960,3,19,tts_viseme
P002,12,25,241,li,186,sapi_viseme_6,tts_viseme,5,2174,2175,86960,87000,2,6,tts_viseme
P002,12,25,241,li,187,sapi_viseme_6,tts_viseme,5,2176,2178,87040,87120,3,6,tts_viseme
P002,12,25,241,li,188,sapi_viseme_6,tts_viseme,5,2179,2180,87160,87200,2,6,tts_viseme
P002,12,25,241,li,189,sapi_viseme_16,tts_viseme,2,2179,2183,87160,87320,5,16,tts_viseme
P002,12,25,241,li,190,sapi_viseme_6,tts_viseme,5,2184,2184,87360,87360,1.0,6,tts_viseme
P002,12,25,241,li,191,sapi_viseme_6,tts_viseme,5,2185,2187,87400,87480,3,6,tts_viseme
P002,12,25,241,li,192,sapi_viseme_7,tts_viseme,3,2187,2189,87480,87560,3,7,tts_viseme
P002,12,25,241,li,193,sapi_viseme_4,tts_viseme,4,2189,2191,87560,87640,3,4,tts_viseme
P002,12,25,241,li,194,sapi_viseme_6,tts_viseme,5,2191,2193,87640,87720,3,6,tts_viseme
P002,12,25,241,li,195,sapi_viseme_15,tts_viseme,5,2193,2195,87720,87800,3,15,tts_viseme
P002,12,25,241,li,196,sapi_viseme_1,tts_viseme,4,2196,2198,87840,87920,3,1,tts_viseme
P002,12,25,241,li,197,sapi_viseme_19,tts_viseme,2,2198,2200,87920,88000,3,19,tts_viseme
P002,12,25,241,li,198,sapi_viseme_14,tts_viseme,2,2201,2202,88040,88080,2,14,tts_viseme
P002,12,25,241,li,199,sapi_viseme_4,tts_viseme,4,2202,2205,88080,88200,4,4,tts_viseme
P002,12,25,241,li,200,sapi_viseme_6,tts_viseme,5,2205,2208,88200,88320,4,6,tts_viseme
P002,12,25,241,li,201,sapi_viseme_21,tts_viseme,0,2208,2209,88320,88360,2,21,tts_viseme
P002,12,25,241,li,202,sapi_viseme_6,tts_viseme,5,2208,2210,88320,88400,3,6,tts_viseme
P002,12,25,241,li,203,sapi_viseme_2,tts_viseme,7,2211,2213,88440,88520,3,2,tts_viseme
P002,12,25,241,li,204,sapi_viseme_8,tts_viseme,6,2213,2215,88520,88600,3,8,tts_viseme
P002,12,25,241,li,205,sapi_viseme_16,tts_viseme,2,2216,2217,88640,88680,2,16,tts_viseme
P002,12,25,241,li,206,sapi_viseme_6,tts_viseme,5,2216,2219,88640,88760,4,6,tts_viseme
P002,12,25,241,li,207,sapi_viseme_1,tts_viseme,4,2219,2222,88760,88880,4,1,tts_viseme
P002,12,25,241,li,208,sapi_viseme_20,tts_viseme,4,2223,2226,88920,89040,4,20,tts_viseme
P002,12,25,241,li,209,sapi_viseme_6,tts_viseme,5,2226,2228,89040,89120,3,6,tts_viseme
P002,12,25,241,li,210,sapi_viseme_6,tts_viseme,5,2229,2231,89160,89240,3,6,tts_viseme
P002,12,25,241,li,211,sapi_viseme_6,tts_viseme,5,2231,2232,89240,89280,2,6,tts_viseme
P002,12,25,241,li,212,sapi_viseme_15,tts_viseme,5,2233,2236,89320,89440,4,15,tts_viseme
P002,12,25,241,li,213,sapi_viseme_6,tts_viseme,5,2237,2238,89480,89520,2,6,tts_viseme
P002,12,25,241,li,214,sapi_viseme_6,tts_viseme,5,2239,2240,89560,89600,2,6,tts_viseme
P002,12,25,241,li,215,sapi_viseme_16,tts_viseme,2,2240,2241,89600,89640,2,16,tts_viseme
P002,12,25,241,li,216,sapi_viseme_6,tts_viseme,5,2240,2242,89600,89680,3,6,tts_viseme
P002,12,25,241,li,217,sapi_viseme_2,tts_viseme,7,2243,2244,89720,89760,2,2,tts_viseme
P002,12,25,241,li,218,sapi_viseme_19,tts_viseme,2,2245,2247,89800,89880,3,19,tts_viseme
P002,12,25,241,li,219,sapi_viseme_15,tts_viseme,5,2248,2250,89920,90000,3,15,tts_viseme
P002,12,25,241,li,220,sapi_viseme_6,tts_viseme,5,2250,2251,90000,90040,2,6,tts_viseme
P002,12,25,241,li,221,sapi_viseme_6,tts_viseme,5,2252,2253,90080,90120,2,6,tts_viseme
P002,12,25,241,li,222,sapi_viseme_15,tts_viseme,5,2254,2255,90160,90200,2,15,tts_viseme
P002,12,25,241,li,223,sapi_viseme_2,tts_viseme,7,2256,2259,90240,90360,4,2,tts_viseme
P002,12,25,241,li,224,sapi_viseme_19,tts_viseme,2,2260,2263,90400,90520,4,19,tts_viseme
P002,12,25,241,li,225,sapi_viseme_16,tts_viseme,2,2263,2264,90520,90560,2,16,tts_viseme
P002,12,25,241,li,226,sapi_viseme_6,tts_viseme,5,2263,2265,90520,90600,3,6,tts_viseme
P002,12,25,241,li,227,sapi_viseme_2,tts_viseme,7,2266,2268,90640,90720,3,2,tts_viseme
P002,12,25,241,li,228,sapi_viseme_8,tts_viseme,6,2268,2271,90720,90840,4,8,tts_viseme
P002,12,25,241,li,229,sapi_viseme_12,tts_viseme,4,2271,2272,90840,90880,2,12,tts_viseme
P002,12,25,241,li,230,sapi_viseme_7,tts_viseme,3,2271,2274,90840,90960,4,7,tts_viseme
P002,12,25,241,li,231,sapi_viseme_7,tts_viseme,3,2274,2275,90960,91000,2,7,tts_viseme
P002,12,25,241,li,232,sapi_viseme_7,tts_viseme,3,2276,2277,91040,91080,2,7,tts_viseme
P002,12,25,241,li,233,sapi_viseme_19,tts_viseme,2,2278,2279,91120,91160,2,19,tts_viseme
P002,12,25,241,li,234,sapi_viseme_1,tts_viseme,4,2279,2280,91160,91200,2,1,tts_viseme
P002,12,25,241,li,235,sapi_viseme_1,tts_viseme,4,2281,2281,91240,91240,1.0,1,tts_viseme
P002,12,25,241,li,236,sapi_viseme_19,tts_viseme,2,2282,2284,91280,91360,3,19,tts_viseme
P002,12,25,241,li,237,sapi_viseme_1,tts_viseme,4,2284,2286,91360,91440,3,1,tts_viseme
P002,12,25,241,li,238,sapi_viseme_20,tts_viseme,4,2287,2289,91480,91560,3,20,tts_viseme
P002,12,25,241,li,239,sapi_viseme_14,tts_viseme,2,2289,2290,91560,91600,2,14,tts_viseme
P002,12,25,241,li,240,sapi_viseme_6,tts_viseme,5,2289,2291,91560,91640,3,6,tts_viseme
P002,12,25,241,li,241,sapi_viseme_6,tts_viseme,5,2291,2293,91640,91720,3,6,tts_viseme
P002,12,25,241,li,242,sapi_viseme_6,tts_viseme,5,2293,2297,91720,91880,5,6,tts_viseme
